NAME,AB,ST,EHG,AP,CHCH,CIM,PCI,EST,LC,FA,CHC,CHH,COND,CECN,SEP,T,LT,KM,FALLA,TIPO,DESC,OBS,CORR,Tipo falla
51,S4,S2,S5,S3,S5,S5,S5,S5,S5,S5,S5,S5,S5,S5,S0,0.858,93220,,,,,,,
52,S4,S3,S5,S3,S5,S5,S5,S5,S5,S5,S5,S5,S5,S5,S0,0.878,93220,,,,,,,
53,S4,S3,S5,S3,S5,S5,S5,S3,S5,S5,S5,S5,S4,S5,S0,0.838,93220,,,,,,,
54,S3,S2,S5,S3,S5,S5,S5,S3,S5,S5,S5,S5,S4,S5,S0,0.79,93220,,,,,,,
55,S3,S2,S5,S3,S5,S5,S4,S3,S4,S5,S5,S5,S4,S4,S0,0.766,93220,,,,,,,
56,S3,S2,S5,S3,S5,S5,S4,S3,S4,S4,S5,S5,S4,S4,S0,0.75,93220,,,,,,,
57,S4,S3,S5,S3,S4,S5,S5,S3,S4,S4,S5,S5,S4,S4,S0,0.784,93220,,,,,,,
58,S4,S3,S4,S3,S4,S4,S5,S5,S4,S4,S5,S5,S4,S4,S0,0.796,93220,,,,,,,
59,S4,S2,S3,S3,S4,S4,S5,S5,S3,S4,S5,S5,S4,S4,S0,0.762,93220,,,,,,,
60,S3,S3,S3,S3,S5,S4,S5,S5,S4,S4,S5,S5,S4,S4,S0,0.776,93220,,,,,,,
61,S4,S3,S4,S3,S5,S4,S5,S5,S4,S4,S4,S4,S3,S4,S0,0.782,93220,,,,,,,
62,S3,S3,S3,S3,S4,S4,S5,S4,S4,S4,S4,S4,S3,S4,S0,0.734,93220,,,,,,,
63,S4,S2,S3,S3,S4,S5,S5,S5,S4,S4,S4,S4,S5,S3,S0,0.77,93220,,,,,,,
64,S4,S3,S4,S3,S4,S4,S5,S4,S3,S4,S4,S4,S5,S3,S0,0.752,93220,,,,,,,
65,S3,S3,S3,S3,S4,S4,S5,S4,S4,S4,S4,S4,S5,S5,S0,0.75,93220,,,,,,,
66,S3,S2,S3,S3,S5,S4,S4,S4,S3,S5,S4,S4,S5,S5,S0,0.742,93220,,,,,,,
67,S4,S3,S3,S3,S5,S4,S4,S5,S4,S5,S4,S4,S5,S5,S0,0.816,93220,50.12 KM,40690,A5=BRECHA,"21G, fase ""C"", Z1, 83.88 km. de QMD",ARBOL ENTRE LAS ESTRUCTURAS 67 Y 68,40690,10
68,S4,S3,S3,S3,S5,S5,S5,S4,S1,S5,S4,S4,S5,S5,S0,0.804,93220,,,,,,,
69,S4,S5,S3,S3,S5,S5,S5,S5,S1,S5,S3,S3,S5,S5,S0,0.85,93220,,,,,,,
70,S4,S5,S3,S3,S5,S5,S5,S4,S3,S5,S3,S3,S5,S5,S0,0.842,93220,,,,,,,
71,S3,S5,S3,S3,S5,S5,S5,S5,S4,S5,S5,S5,S5,S5,S0,0.884,93220,,,,,,,
72,S4,S3,S4,S3,S5,S5,S5,S4,S4,S5,S5,S5,S5,S5,S0,0.844,93220,,,,,,,
73,S3,S3,S3,S3,S4,S4,S5,S4,S4,S5,S5,S5,S5,S5,S0,0.788,93220,,,,,,,
74,S4,S5,S3,S3,S4,S4,S5,S4,S3,S5,S5,S5,S5,S5,S0,0.842,93220,,,,,,,
75,S3,S3,S3,S3,S4,S4,S5,S4,S4,S5,S5,S5,S5,S5,S0,0.788,93220,,,,,,,
76,S4,S3,S3,S3,S4,S4,S5,S4,S4,S4,S5,S5,S5,S5,S0,0.792,93220,,,,,,,
77,S4,S5,S3,S3,S4,S4,S5,S4,S3,S4,S5,S5,S4,S5,S0,0.818,93220,,,,,,,
78,S4,S3,S3,S3,S4,S4,S5,S5,S4,S4,S5,S5,S4,S5,S0,0.804,93220,,,,,,,
79,S4,S3,S3,S3,S4,S5,S5,S4,S3,S4,S5,S5,S4,S4,S0,0.768,93220,,,,,,,
80,S4,S2,S5,S3,S5,S5,S5,S5,S5,S5,S5,S5,S5,S5,S0,0.858,93220,,,,,,,
81,S4,S3,S5,S3,S5,S5,S5,S5,S5,S5,S5,S5,S5,S5,S0,0.886,93220,50.0 KM,40039,A5=BRECHA,"21G,FASE B, Z1 A 84 KM. DE QMD","LA CAUSA DEL DISPARO FUE UN ARBOL QUE ROMPIO LA DISTANCIA DE FASE A TIERRA ENTRE LAS ESTRUCTURAS 81 Y 82, MISMO QUE SE CORTO AL MOMENTO DE ENCONTRARSE LA FALLA.",40039,10
82,S4,S3,S5,S3,S5,S5,S5,S3,S5,S5,S5,S5,S4,S5,S0,0.83,93220,,,,,,,
83,S3,S2,S5,S3,S5,S5,S5,S3,S5,S5,S5,S5,S4,S5,S0,0.79,93220,,,,,,,
84,S3,S2,S5,S3,S5,S5,S5,S3,S4,S5,S5,S5,S4,S4,S0,0.772,93220,,,,,,,
85,S3,S2,S5,S3,S5,S5,S5,S3,S4,S4,S5,S5,S4,S4,S0,0.756,93220,,,,,,,
86,S4,S3,S5,S3,S4,S5,S5,S3,S4,S4,S5,S5,S4,S4,S0,0.784,93220,,,,,,,
87,S4,S3,S4,S3,S4,S4,S5,S5,S4,S4,S5,S5,S4,S4,S0,0.796,93220,,,,,,,
88,S4,S2,S3,S3,S4,S4,S5,S5,S3,S4,S5,S5,S4,S4,S0,0.762,93220,,,,,,,
89,S3,S3,S3,S3,S5,S4,S5,S5,S4,S4,S5,S5,S4,S4,S0,0.776,93220,53.17 KM.,41146,B0= DESCARGA ATMOSFERICA,"21G, fase ""B"", Z1, 80.83 KM. DE QMD","Se encontró aislamiento flameado en la est. 89, fase ""B"".",41147,1
90,S4,S3,S4,S3,S5,S4,S5,S5,S4,S4,S4,S4,S3,S4,S0,0.782,93220,,,,,,,
91,S3,S3,S3,S3,S4,S4,S5,S4,S4,S4,S4,S4,S3,S4,S0,0.726,93220,,,,,,,
92,S4,S2,S3,S3,S4,S5,S5,S5,S4,S4,S4,S4,S5,S3,S0,0.778,93220,,,,,,,
93,S4,S3,S4,S3,S4,S4,S4,S4,S3,S4,S4,S4,S5,S3,S0,0.746,93220,,,,,,,
94,S3,S3,S3,S3,S4,S4,S4,S4,S4,S4,S4,S4,S5,S5,S0,0.744,93220,,,,,,,
95,S3,S2,S3,S3,S5,S4,S5,S4,S3,S5,S4,S4,S5,S5,S0,0.748,93220,,,,,,,
96,S4,S3,S3,S3,S5,S4,S5,S5,S4,S5,S4,S4,S5,S5,S0,0.822,93220,,,,,,,
97,S4,S3,S3,S3,S5,S5,S4,S4,S1,S5,S4,S4,S5,S5,S0,0.798,93220,,,,,,,
98,S4,S5,S3,S3,S5,S5,S4,S5,S1,S5,S3,S3,S5,S5,S0,0.844,93220,,,,,,,
99,S4,S5,S3,S3,S5,S5,S5,S4,S3,S5,S3,S3,S5,S5,S0,0.842,93220,,,,,,,
100,S3,S5,S3,S3,S5,S5,S5,S5,S4,S5,S5,S5,S5,S5,S0,0.876,93220,,,,,,,
101,S4,S3,S4,S3,S5,S5,S4,S4,S4,S5,S5,S5,S5,S5,S0,0.838,93220,,,,,,,
102,S3,S3,S3,S3,S4,S4,S4,S4,S4,S5,S5,S5,S5,S5,S0,0.782,93220,,,,,,,
103,S4,S5,S3,S3,S4,S4,S5,S4,S3,S5,S5,S5,S5,S5,S0,0.85,93220,,,,,,,
104,S3,S3,S3,S3,S4,S4,S4,S4,S4,S5,S5,S5,S5,S5,S0,0.782,93220,,,,,,,
105,S4,S3,S3,S3,S4,S4,S4,S4,S4,S4,S5,S5,S5,S5,S0,0.786,93220,,,,,,,
106,S4,S5,S3,S3,S4,S4,S5,S4,S3,S4,S5,S5,S4,S5,S0,0.818,93220,,,,,,,
107,S4,S3,S3,S3,S4,S4,S4,S5,S4,S4,S5,S5,S4,S5,S0,0.798,93220,,,,,,,
108,S4,S3,S3,S3,S4,S5,S4,S4,S3,S4,S5,S5,S4,S4,S0,0.762,93220,64.4 KM,40761,B0= DESCARGA ATMOSFERICA,"21G,FASE A, Z 1, 69.6 KM QMD","SE ENCONTRO CADENA FLAMEADA EN LA ESTRUCTURA 108 FASE ""A"".",40762,1
109,S3,S4,S3,S3,S5,S5,S5,S4,S4,S4,S5,S5,S4,S4,S0,0.782,93220,,,,,,,
110,S3,S3,S3,S3,S5,S5,S5,S5,S4,S4,S5,S5,S4,S4,S0,0.778,93220,,,,,,,
111,S3,S3,S3,S3,S5,S5,S5,S4,S4,S4,S5,S5,S4,S4,S0,0.758,93220,,,,,,,
112,S4,S4,S4,S3,S5,S5,S5,S4,S3,S4,S5,S5,S4,S4,S0,0.8,93220,,,,,,,
113,S4,S4,S4,S3,S4,S5,S5,S5,S4,S5,S5,S5,S4,S4,S0,0.818,93220,,,,,,,
114,S4,S3,S3,S3,S4,S4,S5,S5,S4,S5,S4,S4,S3,S4,S0,0.748,93220,,,,,,,
115,S4,S4,S3,S3,S4,S4,S5,S5,S3,S5,S4,S4,S3,S4,S0,0.778,93220,,,,,,,
116,S4,S4,S4,S3,S4,S4,S5,S5,S3,S5,S4,S4,S5,S3,S0,0.798,93220,,,,,,,
117,S4,S3,S3,S3,S4,S4,S5,S5,S3,S5,S4,S4,S5,S3,S0,0.762,93220,,,,,,,
118,S3,S4,S3,S3,S5,S4,S4,S4,S4,S4,S4,S4,S5,S5,S0,0.762,93220,,,,,,,
119,S3,S3,S4,S3,S5,S4,S4,S4,S4,S4,S4,S4,S5,S5,S0,0.75,93220,,,,,,,
120,S4,S4,S3,S3,S5,S4,S5,S4,S4,S4,S4,S4,S5,S5,S0,0.788,93220,,,,,,,
121,S4,S3,S3,S3,S5,S5,S5,S4,S4,S4,S4,S4,S5,S5,S0,0.778,93220,,,,,,,
122,S4,S3,S3,S3,S4,S5,S5,S5,S4,S4,S3,S3,S5,S5,S0,0.776,93220,,,,,,,
123,S3,S3,S4,S3,S4,S5,S5,S4,S3,S4,S3,S3,S5,S5,S0,0.738,93220,,,,,,,
124,S4,S3,S4,S3,S4,S5,S5,S4,S4,S4,S5,S5,S5,S5,S0,0.792,93220,72.0 KM,38479,C2= QUEMA DE BOSQUE,"21G, FASE ""B"", Z1, 72 KM. DE MZL",CAUSA QUEMA DE MALEZA ENTRE LAS EST. 124 Y 125,38443,3
125,S3,S4,S3,S3,S4,S5,S5,S4,S4,S4,S5,S5,S5,S5,S0,0.784,93220,,,,,,,
126,S4,S3,S3,S3,S4,S5,S5,S4,S4,S4,S5,S5,S5,S5,S0,0.784,93220,,,,,,,
127,S4,S4,S4,S3,S4,S5,S4,S4,S3,S4,S5,S5,S5,S5,S0,0.818,93220,,,,,,,
128,S4,S3,S4,S3,S4,S5,S4,S4,S4,S5,S5,S5,S5,S5,S0,0.822,93220,,,,,,,
129,S4,S3,S3,S3,S4,S5,S5,S4,S4,S5,S5,S5,S5,S5,S0,0.82,93220,,,,,,,
130,S4,S3,S3,S3,S5,S5,S5,S5,S4,S5,S5,S5,S4,S5,S0,0.848,93220,,,,,,,
131,S4,S4,S3,S3,S5,S4,S5,S5,S4,S5,S5,S5,S4,S5,S0,0.848,93220,,,,,,,
132,S4,S3,S4,S3,S5,S4,S5,S5,S4,S5,S5,S5,S4,S4,S0,0.824,93220,,,,,,,
133,S3,S4,S4,S3,S5,S4,S5,S5,S3,S5,S5,S5,S4,S4,S0,0.818,93220,71.19 KM.,41554,B0= DESCARGA ATMOSFERICA,21 BG- 79,"DESCARGA ATMOSFERICA EN ESTRUCTURA NUMERO 133 FASE ""B""",41555,1
134,S3,S3,S3,S3,S5,S4,S5,S4,S3,S5,S5,S5,S4,S4,S0,0.766,93220,,,,,,,
135,S4,S3,S3,S3,S5,S4,S5,S4,S4,S5,S5,S5,S4,S4,S0,0.792,93220,,,,,,,
136,S4,S3,S4,S3,S5,S4,S5,S4,S3,S5,S5,S5,S4,S4,S0,0.794,93220,,,,,,,
137,S4,S4,S3,S3,S5,S4,S5,S4,S4,S5,S5,S5,S4,S4,S0,0.82,93220,,,,,,,
138,S4,S3,S4,S3,S5,S4,S5,S4,S4,S4,S4,S4,S3,S4,S0,0.77,93220,,,,,,,
139,S3,S3,S4,S3,S5,S4,S5,S4,S3,S4,S4,S4,S3,S4,S0,0.744,93220,,,,,,,
140,S3,S4,S5,S3,S4,S4,S5,S4,S3,S4,S4,S4,S5,S3,S0,0.76,93220,,,,,,,
141,S4,S2,S5,S3,S4,S5,S5,S5,S4,S4,S4,S4,S5,S3,S0,0.786,93220,,,,,,,
142,S4,S3,S5,S0,S4,S5,S5,S5,S3,S4,S4,S4,S5,S5,S0,0.784,93220,,,,,,,
143,S4,S3,S5,S0,S4,S5,S5,S5,S4,S4,S4,S4,S5,S5,S0,0.79,93220,,,,,,,
144,S4,S3,S5,S0,S4,S5,S5,S5,S3,S4,S4,S4,S5,S5,S0,0.782,93220,,,,,,,
145,S3,S2,S5,S0,S4,S5,S5,S5,S4,S4,S4,S4,S5,S5,S0,0.748,93220,,,,,,,
146,S4,S3,S5,S0,S4,S5,S5,S5,S3,S5,S3,S3,S5,S5,S0,0.776,93220,,,,,,,
147,S4,S3,S5,S5,S4,S5,S5,S5,S4,S5,S3,S3,S5,S5,S0,0.812,93220,77.75 KM.,42191,B0= DESCARGA ATMOSFERICA,"21,FASE ag, Z1, loc. 52.4 km. de SE. MZL","La causa del evento fue por aislamiento flameado en la estructura 147, por descarga atmosférica.",42192,1
148,S4,S2,S5,S3,S4,S5,S5,S4,S3,S5,S5,S5,S5,S5,S0,0.782,93220,,,,,,,
149,S3,S3,S5,S3,S5,S5,S5,S4,S4,S5,S5,S5,S5,S5,S0,0.788,93220,,,,,,,
150,S3,S2,S5,S3,S4,S5,S5,S4,S4,S5,S5,S5,S5,S5,S0,0.776,93220,,,,,,,
151,S4,S3,S5,S3,S4,S4,S5,S4,S3,S4,S5,S5,S5,S5,S0,0.782,93220,,,,,,,
152,S4,S4,S5,S3,S4,S4,S5,S4,S4,S4,S5,S5,S5,S5,S0,0.818,93220,,,,,,,
153,S4,S3,S5,S3,S4,S4,S5,S5,S3,S4,S5,S5,S5,S5,S0,0.802,93220,,,,,,,
154,S3,S4,S5,S3,S4,S4,S5,S5,S4,S4,S5,S5,S4,S5,S0,0.8,93220,86.5 KM,41095,B0= DESCARGA ATMOSFERICA,"21G, Z1, FASE A, LOC 47.5 KM.","SE LOCALIZÓ AISLAMIENTO FLAMEADO EN LA ESTRUCTURA 154 FASE ""A"".",41096,1
155,S3,S3,S5,S3,S4,S4,S5,S5,S4,S4,S5,S5,S4,S5,S0,0.772,93220,,,,,,,
156,S4,S3,S5,S3,S4,S4,S5,S5,S4,S4,S5,S5,S4,S4,S0,0.788,93220,83.97 KM.,41481,B0= DESCARGA ATMOSFERICA,"21 G ZONA1 FASE A TIERRA 76.73, 79 RECIERRE MONOPO",DESCARGA ATMOSFERICA EN ESTRUCTURA 156 FASE A A TIERRA.,41482,1
157,S4,S3,S5,S3,S4,S4,S5,S5,S4,S4,S5,S5,S4,S4,S0,0.78,93220,,,,,,,
158,S4,S3,S5,S3,S4,S4,S5,S4,S3,S4,S5,S5,S4,S4,S0,0.75,93220,,,,,,,
159,S4,S4,S4,S3,S4,S5,S5,S4,S3,S4,S5,S5,S4,S4,S0,0.782,93220,,,,,,,
160,S4,S3,S4,S3,S4,S5,S5,S4,S4,S4,S5,S5,S4,S4,S0,0.768,93220,,,,,,,
161,S4,S4,S4,S3,S4,S5,S5,S4,S4,S5,S5,S5,S4,S4,S0,0.796,93220,,,,,,,
162,S4,S4,S4,S3,S4,S5,S5,S4,S4,S5,S4,S4,S3,S4,S0,0.774,93220,87.68 KM,40274,A6= CONTAMINACION,"67N, FASE ""C"", 46.32 KM. QMD.",CONTAMINACIÓN POR EXCREMENTO DE AVE EST. 162.,40276,5
163,S3,S4,S4,S3,S4,S5,S5,S4,S3,S5,S4,S4,S3,S4,S0,0.748,93220,,,,,,,
164,S4,S3,S4,S3,S4,S4,S5,S4,S4,S5,S4,S4,S5,S3,S0,0.738,93220,,,,,,,
165,S4,S4,S4,S3,S4,S4,S5,S4,S3,S5,S4,S4,S5,S3,S0,0.778,93220,,,,,,,
166,S3,S3,S4,S3,S4,S4,S5,S4,S4,S5,S4,S4,S5,S5,S0,0.782,93220,,,,,,,
167,S4,S4,S4,S3,S4,S4,S5,S4,S3,S5,S4,S4,S5,S5,S0,0.808,93220,,,,,,,
168,S4,S3,S4,S3,S4,S4,S5,S5,S4,S5,S4,S4,S5,S5,S0,0.822,93220,,,,,,,
169,S3,S2,S4,S3,S4,S4,S5,S5,S4,S5,S4,S4,S5,S5,S0,0.752,93220,85.81 KM.,38596,B0= DESCARGA ATMOSFERICA,"21G, FASE ""A"", Z1, 85.81 KM. DE MZL","CAUSA AISLAMIENTO FLAMEADO EN LA ESTRUCTURA 168 FASE ""A""",38597,1
170,S4,S4,S4,S3,S4,S4,S5,S5,S4,S5,S3,S3,S5,S5,S0,0.798,93220,,,,,,,
171,S4,S4,S4,S3,S4,S4,S5,S5,S3,S4,S3,S3,S5,S5,S0,0.766,93220,,,,,,,
172,S4,S4,S5,S3,S4,S4,S5,S5,S3,S4,S5,S5,S5,S5,S0,0.82,93220,,,,,,,
173,S4,S4,S5,S3,S4,S4,S5,S5,S4,S4,S5,S5,S5,S5,S0,0.826,93220,,,,,,,
174,S4,S3,S5,S3,S4,S5,S5,S5,S3,S4,S5,S5,S5,S5,S0,0.81,93220,,,,,,,
175,S3,S3,S5,S3,S4,S5,S5,S5,S4,S4,S5,S5,S5,S5,S0,0.796,93220,,,,,,,
176,S4,S4,S5,S3,S4,S5,S5,S5,S3,S4,S5,S5,S5,S5,S0,0.822,93220,,,,,,,
177,S4,S4,S4,S3,S4,S5,S5,S5,S3,S4,S5,S5,S5,S5,S0,0.814,93220,,,,,,,
178,S4,S4,S3,S3,S4,S5,S5,S4,S4,S4,S5,S5,S4,S5,S0,0.784,93220,,,,,,,
179,S4,S3,S4,S3,S4,S5,S5,S4,S3,S5,S5,S5,S4,S5,S0,0.774,93220,,,,,,,
180,S3,S4,S4,S3,S4,S5,S5,S4,S4,S5,S5,S5,S4,S4,S0,0.768,93220,,,,,,,
181,S4,S3,S4,S3,S4,S5,S5,S4,S3,S5,S5,S5,S4,S4,S0,0.762,93220,,,,,,,
182,S4,S4,S3,S3,S4,S5,S5,S4,S3,S5,S5,S5,S4,S4,S0,0.77,93220,,,,,,,
183,S4,S3,S5,S3,S4,S5,S5,S4,S4,S5,S5,S5,S4,S4,S0,0.772,93220,,,,,,,
184,S4,S3,S5,S3,S4,S4,S5,S4,S3,S4,S5,S5,S4,S4,S0,0.742,93220,,,,,,,
185,S4,S3,S5,S3,S4,S4,S5,S4,S4,S4,S5,S5,S4,S4,S0,0.764,93220,,,,,,,
186,S4,S3,S5,S3,S4,S4,S5,S4,S3,S4,S4,S4,S3,S4,S0,0.736,93220,123.45 KM,41202,E2(1) VANDALISMO,"21 FC, Z1, 10.55 km. de QMD","LA FALLA SE LOCALIZA DENTRO DE LAS ESTRUCTURAS 186 A LA 199, MISMAS QUE SE ENCUENTRAN EN LOS EJIDOS DE TEXCA Y KM. 30, NO PERMITEN EL ACCESO A LA LÍNEA. Oficio SDT",41202,6
187,S4,S2,S5,S3,S4,S4,S5,S5,S4,S4,S4,S4,S3,S4,S0,0.748,93220,,,,,,,
188,S3,S3,S3,S3,S4,S4,S5,S5,S3,S4,S4,S4,S5,S3,S0,0.73,93220,,,,,,,
189,S4,S3,S4,S3,S4,S4,S5,S5,S3,S4,S4,S4,S5,S3,S0,0.77,93220,,,,,,,
190,S4,S3,S5,S3,S4,S4,S5,S5,S4,S4,S4,S4,S5,S5,S0,0.796,93220,,,,,,,
191,S4,S2,S4,S3,S4,S4,S5,S5,S3,S4,S4,S4,S5,S5,S0,0.772,93220,103.54 KM.,42175,E2 (I)= VANDALISMO,"21N, fases BCG, Z1, Dist. 30.79 km. de S.E. QMD",Causa fue por quema de maleza entre las est. 191 y 192.,42181,6
191,S4,S2,S4,S3,S4,S4,S5,S5,S3,S4,S4,S4,S5,S5,S0,0.772,93220,105.83 KM,39558,C2=QUE DE BOSQUES,"21G, FASE ""B"" Y ""C"", Z1, DIST. 28.17 KM. DE QMD.",LA CAUSA DE ESTA FALLA FUE POR QUEMA DE MALEZA ENTRE LAS EST. 191 Y 192.,39558,3
192,S4,S3,S4,S3,S4,S4,S5,S5,S3,S4,S4,S4,S5,S5,S0,0.808,93220,,,,,,,
193,S4,S3,S4,S3,S4,S4,S5,S4,S4,S4,S4,S4,S5,S5,S0,0.786,93220,,,,,,,
194,S4,S3,S5,S3,S4,S4,S5,S4,S3,S5,S3,S3,S5,S5,S0,0.772,93220,,,,,,,
195,S3,S3,S5,S3,S4,S5,S5,S4,S4,S5,S3,S3,S5,S5,S0,0.778,93220,,,,,,,
196,S4,S3,S3,S3,S4,S5,S5,S4,S4,S5,S5,S5,S5,S5,S0,0.81,93220,,,,,,,
197,S4,S3,S5,S3,S4,S5,S5,S4,S4,S5,S5,S5,S5,S5,S0,0.826,93220,,,,,,,
198,S3,S3,S5,S3,S4,S5,S5,S4,S3,S5,S5,S5,S5,S5,S0,0.8,93220,,,,,,,
199,S4,S3,S4,S3,S4,S5,S4,S4,S4,S5,S5,S5,S5,S5,S0,0.812,93220,,,,,,,
200,S4,S3,S3,S3,S4,S5,S4,S4,S3,S5,S5,S5,S5,S5,S0,0.806,93220,,,,,,,
201,S4,S3,S4,S3,S4,S5,S5,S4,S3,S5,S5,S5,S5,S5,S0,0.792,93220,,,,,,,
202,S4,S3,S5,S3,S4,S5,S5,S4,S4,S5,S5,S5,S4,S5,S0,0.808,93220,,,,,,,
203,S4,S3,S5,S3,S4,S5,S5,S4,S4,S5,S5,S5,S4,S5,S0,0.808,93220,110.68 KM,41159,B0= DESCARGA ATMOSFERICA,"21G, Fases A, B y C, Z1, Dist. 23.32 Km. de QMD","Se encontraron cadenas flameadas en las fases A, B y C, en la est. 203.",41160,1
204,S3,S2,S4,S3,S4,S4,S5,S4,S4,S4,S5,S5,S4,S4,S0,0.72,93220,,,,,,,
205,S4,S3,S4,S3,S5,S4,S5,S4,S4,S4,S5,S5,S4,S4,S0,0.796,93220,,,,,,,
206,S4,S4,S4,S3,S5,S4,S5,S4,S3,S4,S5,S5,S4,S4,S0,0.806,93220,,,,,,,
207,S4,S3,S4,S3,S5,S4,S5,S4,S3,S4,S5,S5,S4,S4,S0,0.776,93220,114.85 KM,39579,B0= DESCARGA ATMOSFERICA,"21G, FASE ""C"", Z1, DIST. 19.15 KM. DE QMD.","LA CAUSA DE ESTA FALLA FUE POR AISLAMIENTO FLAMEADO EN LA EST. 207 FASE ""C"".",39583,1
208,S4,S2,S5,S3,S5,S4,S5,S4,S4,S4,S5,S5,S4,S4,S0,0.778,93220,,,,,,,
209,S4,S3,S4,S3,S5,S4,S5,S4,S3,S4,S5,S5,S4,S4,S0,0.786,93220,,,,,,,
210,S4,S3,S5,S3,S5,S4,S5,S4,S4,S4,S4,S4,S3,S4,S0,0.76,93220,,,,,,,
211,S4,S3,S4,S3,S5,S4,S5,S4,S3,S4,S4,S4,S3,S4,S0,0.746,93220,114.98 KM.,41846,A5=BRECHA,21G Z-1 FASE,ARBOL ENTRE ESTRUCTURA No. 211 Y 212,41846,10
212,S4,S3,S4,S3,S5,S4,S5,S4,S4,S5,S4,S4,S5,S3,S0,0.764,93220,,,,,,,
213,S4,S3,S5,S3,S5,S4,S5,S5,S3,S5,S4,S4,S5,S3,S0,0.756,93220,,,,,,,
214,S3,S4,S5,S3,S5,S4,S5,S5,S4,S5,S4,S4,S5,S5,S0,0.776,93220,,,,,,,
215,S4,S4,S4,S3,S5,S4,S5,S5,S3,S5,S4,S4,S5,S5,S0,0.788,93220,,,,,,,
216,S4,S5,S5,S3,S5,S4,S5,S5,S4,S5,S4,S4,S5,S5,S0,0.83,93220,,,,,,,
217,S4,S4,S5,S3,S5,S4,S5,S5,S3,S4,S4,S4,S5,S5,S0,0.812,93220,,,,,,,
218,S4,S4,S4,S3,S5,S4,S5,S5,S4,S4,S3,S3,S5,S5,S0,0.77,93220,,,,,,,
219,S4,S2,S5,S3,S4,S4,S5,S5,S4,S4,S3,S3,S5,S5,S0,0.73,93220,,,,,,,
220,S4,S2,S4,S3,S4,S4,S5,S5,S3,S4,S5,S5,S5,S5,S0,0.774,93220,,,,,,,
221,S4,S2,S4,S3,S4,S4,S5,S5,S4,S4,S5,S5,S5,S5,S0,0.78,93220,,,,,,,
222,S4,S4,S4,S3,S5,S4,S5,S4,S3,S4,S5,S5,S5,S5,S0,0.794,93220,123.52 KM,40032,B0= DESCARGA ATMOSFERICA,"21G,FASE A, Z1 A 10.48 KM. DE QMD","SE ENCONTRO AISLAMIENTO FLAMEADO EN LA ESTRUCTURA 222, MISMO QUE FUE CAMBIADO EL DÍA 100809, CON REGISTRO 52025 Y LICENCIA 3024",40035,1
223,S4,S4,S3,S3,S5,S4,S5,S4,S4,S4,S5,S5,S4,S5,S0,0.784,93220,,,,,,,
224,S4,S4,S4,S3,S5,S4,S5,S4,S4,S4,S4,S5,S5,S5,S0,0.81,93220,,,,,,,
225,S4,S2,S5,S3,S5,S4,S5,S4,S4,S4,S5,S5,S5,S5,S0,0.786,93220,,,,,,,
226,S4,S4,S5,S3,S4,S4,S5,S5,S3,S4,S5,S5,S4,S5,S0,0.832,93220,,,,,,,
227,S4,S2,S5,S3,S4,S5,S5,S4,S4,S5,S5,S4,S4,S5,S0,0.792,93220,,,,,,,
228,S4,S4,S5,S3,S4,S4,S5,S5,S4,S5,S5,S5,S4,S4,S0,0.836,93220,126.1 KM,39994,B0= DESCARGA ATMOSFERICA,"21G, FASE C A TIERRA ZONA 1 , KM 7.9 DE QMD",SE ENCUENTRA CADENA FLAMEADA EN EST. 228 FASAE C; ADEMAS DE 11 ASILADORES ROTOS POR PRESUMIBLE VANDALISMO,40156,1
228,S4,S4,S5,S3,S4,S4,S5,S5,S4,S5,S5,S5,S4,S4,S0,0.836,93220,126.27 KM,40063,E2.1=EXTRAORDINARIA (VANDALISMO),"21G,Z1,FC,7.73 km. QMD","CAUSA AISLAMIENTO ROTO POR VANDALISMO EN LA EST. 228 FASE ""C"".",40156,6
229,S4,S4,S5,S3,S4,S4,S5,S5,S4,S5,S5,S5,S4,S4,S0,0.836,93220,124.57 KM.,41792,B0= DESCARGA ATMOSFERICA,"67N (SEL 351), FASE BG, IG = 297 A, 20.58 KM.",CADENA FLAMEADA EN EST. 229 FASES “A” Y “B” POR DESCARGA ATMOSFÉRICA. SE EFECTUÓ EL CAMBIO 4-JUN-14,41794,1
229,S4,S4,S5,S3,S4,S4,S5,S5,S4,S5,S5,S5,S4,S4,S0,0.836,93220,126.94 KM,40052,B0= DESCARGA ATMOSFERICA,"21G,FASE A, ZI A7.06 KM DE QMD","SE ENCONTRO AISLAMIENTO FLAMEADO EN LA ESTRUCTURA 229 FASE ""A"", PENDIENTE LA SUSTITUCIÓN POR PROBLEMAS DE ACCESO.",40156,1
230,S4,S4,S4,S3,S4,S5,S5,S4,S4,S5,S5,S5,S4,S4,S0,0.814,93220,,,,,,,
231,S4,S4,S4,S3,S4,S4,S5,S4,S4,S5,S5,S5,S4,S4,S0,0.794,93220,,,,,,,
232,S4,S4,S5,S3,S4,S4,S5,S4,S3,S5,S5,S5,S4,S4,S0,0.804,93220,,,,,,,
233,S4,S4,S5,S3,S4,S4,S5,S4,S4,S5,S5,S5,S4,S4,S0,0.82,93220,,,,,,,
234,S5,S4,S5,S3,S4,S4,S5,S4,S3,S5,S4,S4,S4,S4,S0,0.828,93220,127.8 KM,39381,A5=BRECHA,"21G,FASE A,Z1,6.2 KM. QMD",CAUSA DE LA SALIDA ÁRBOL ENTRE LA EST. 234 Y 235.,39382,10
235,S5,S4,S5,S5,S4,S4,S5,S4,S4,S5,S4,S4,S5,S4,S0,0.846,93220,130.3 KM,40032,B0= DESCARGA ATMOSFERICA,"21G,FASE C, Z1 A 3.67 KM. DE QMD","SE ENCONTRO AISLAMIENTO FLAMEADO EN LA ESTRUCTURA 235, MISMO QUE FUE CAMBIADO EL DÍA 110809, CON REGISTRO 52050 Y LICENCIA 3038",40036,1
236,S5,S4,S5,S3,S5,S4,S5,S4,S4,S5,S4,S4,S4,S4,S0,0.842,93220,,,,,,,
237,S5,S4,S5,S3,S4,S4,S5,S5,S4,S4,S4,S4,S4,S3,S0,0.826,93220,,,,,,,
238,S5,S4,S5,S3,S4,S4,S5,S5,S3,S4,S4,S4,S4,S4,S0,0.832,93220,,,,,,,
239,S5,S4,S5,S3,S5,S4,S5,S5,S3,S4,S4,S4,S5,S4,S0,0.852,93220,,,,,,,
240,S5,S4,S5,S3,S5,S4,S5,S5,S3,S4,S4,S4,S5,S4,S0,0.848,93220,,,,,,,
241,S5,S4,S5,S3,S5,S5,S5,S5,S4,S4,S4,S4,S5,S5,S0,0.886,93220,,,,,,,
242,S5,S4,S5,S3,S5,S5,S5,S5,S3,S4,S4,S4,S5,S5,S0,0.872,93220,,,,,,,
243,S5,S4,S5,S3,S5,S5,S5,S5,S4,S4,S3,S3,S5,S5,S0,0.868,93220,,,,,,,
244,S5,S5,S5,S3,S5,S5,S5,S5,S4,S4,S4,S4,S5,S5,S0,0.902,93220,,,,,,,
245,S5,S5,S5,S3,S5,S5,S5,S5,S5,S5,S4,S4,S5,S5,S0,0.916,93220,,,,,,,
246,S5,S5,S5,S3,S5,S5,S5,S5,S5,S5,S4,S4,S5,S5,S0,0.908,93220,,,,,,,
40,S5,S3,S4,S3,S5,S4,S4,S4,S5,S5,S4,S4,S4,S4,S0,0.788,93230,,,,,,,
41,S5,S3,S4,S3,S5,S5,S4,S4,S5,S5,S4,S4,S4,S4,S0,0.812,93230,,,,,,,
42,S5,S2,S4,S3,S5,S5,S4,S4,S5,S5,S4,S4,S4,S3,S0,0.78,93230,,,,,,,
43,S5,S3,S4,S3,S4,S5,S4,S4,S5,S5,S3,S4,S4,S3,S0,0.784,93230,,,,,,,
44,S5,S3,S4,S3,S4,S5,S4,S4,S5,S5,S4,S3,S4,S3,S0,0.782,93230,,,,,,,
45,S5,S3,S4,S3,S4,S5,S4,S4,S5,S5,S4,S4,S4,S4,S0,0.79,93230,,,,,,,
46,S5,S2,S3,S3,S4,S5,S4,S4,S5,S5,S3,S4,S4,S4,S0,0.764,93230,,,,,,,
47,S5,S3,S4,S3,S4,S5,S4,S4,S5,S5,S4,S4,S3,S4,S0,0.788,93230,,,,,,,
48,S4,S2,S4,S3,S4,S5,S4,S4,S5,S5,S4,S4,S3,S3,S0,0.74,93230,,,,,,,
49,S4,S2,S4,S3,S4,S5,S3,S4,S5,S5,S4,S4,S3,S3,S0,0.724,93230,,,,,,,
50,S4,S2,S3,S3,S4,S5,S4,S4,S5,S5,S4,S4,S4,S3,S0,0.726,93230,,,,,,,
51,S4,S3,S4,S3,S4,S5,S4,S4,S5,S5,S4,S5,S4,S3,S0,0.768,93230,,,,,,,
52,S4,S3,S4,S3,S4,S5,S3,S4,S5,S5,S5,S5,S3,S4,S0,0.786,93230,,,,,,,
53,S4,S3,S4,S3,S4,S5,S3,S3,S5,S5,S5,S5,S3,S4,S0,0.766,93230,,,,,,,
54,S4,S3,S4,S3,S4,S5,S3,S5,S5,S5,S5,S5,S3,S4,S0,0.806,93230,,,,,,,
55,S4,S3,S4,S3,S4,S5,S4,S5,S5,S5,S5,S5,S4,S4,S0,0.82,93230,,,,,,,
56,S4,S3,S4,S3,S4,S5,S4,S5,S5,S5,S5,S5,S4,S3,S0,0.802,93230,,,,,,,
57,S4,S3,S4,S3,S4,S5,S4,S5,S5,S5,S5,S5,S4,S4,S0,0.814,93230,,,,,,,
58,S4,S3,S4,S3,S4,S5,S4,S5,S5,S5,S5,S5,S4,S4,S0,0.82,93230,,,,,,,
59,S4,S3,S4,S3,S4,S5,S4,S5,S5,S5,S3,S5,S4,S4,S0,0.798,93230,,,,,,,
60,S4,S2,S3,S3,S5,S5,S4,S5,S5,S5,S5,S5,S4,S4,S0,0.796,93230,,,,,,,
61,S4,S3,S3,S3,S5,S5,S4,S5,S5,S5,S5,S3,S4,S4,S0,0.792,93230,,,,,,,
62,S4,S2,S4,S3,S5,S5,S3,S5,S5,S4,S3,S3,S4,S3,S0,0.744,93230,,,,,,,
63,S4,S2,S4,S3,S5,S5,S4,S5,S5,S5,S4,S4,S4,S3,S0,0.774,93230,,,,,,,
64,S4,S2,S4,S3,S5,S5,S4,S5,S5,S5,S4,S4,S4,S3,S0,0.77,93230,,,,,,,
65,S4,S2,S4,S3,S5,S4,S4,S5,S5,S5,S4,S4,S4,S3,S0,0.758,93230,,,,,,,
66,S4,S3,S4,S3,S5,S4,S4,S5,S5,S5,S4,S4,S4,S3,S0,0.772,93230,,,,,,,
67,S4,S3,S4,S3,S5,S4,S4,S5,S5,S5,S4,S4,S4,S3,S0,0.772,93230,,,,,,,
68,S4,S3,S4,S3,S5,S4,S4,S5,S5,S5,S4,S3,S3,S3,S0,0.756,93230,,,,,,,
69,S4,S3,S4,S3,S5,S4,S3,S5,S5,S5,S4,S4,S3,S4,S0,0.77,93230,,,,,,,
70,S5,S3,S4,S3,S5,S4,S4,S5,S5,S5,S4,S3,S3,S4,S0,0.784,93230,,,,,,,
71,S5,S3,S4,S3,S5,S4,S5,S5,S5,S5,S4,S4,S4,S4,S0,0.802,93230,,,,,,,
72,S5,S2,S4,S3,S5,S4,S5,S5,S5,S5,S4,S4,S4,S4,S0,0.794,93230,,,,,,,
73,S5,S3,S4,S3,S5,S3,S5,S5,S5,S5,S4,S4,S3,S4,S0,0.782,93230,,,,,,,
74,S5,S3,S4,S3,S5,S4,S5,S5,S5,S5,S4,S4,S3,S4,S0,0.8,93230,,,,,,,
75,S5,S3,S4,S3,S5,S3,S5,S5,S5,S4,S4,S4,S3,S4,S0,0.768,93230,,,,,,,
76,S5,S3,S4,S3,S5,S3,S5,S5,S5,S5,S4,S4,S3,S4,S0,0.778,93230,,,,,,,
77,S5,S3,S4,S3,S4,S3,S5,S5,S5,S5,S4,S4,S4,S4,S0,0.778,93230,,,,,,,
78,S5,S3,S4,S3,S4,S3,S5,S5,S5,S5,S4,S4,S4,S3,S0,0.77,93230,,,,,,,
79,S5,S3,S4,S3,S4,S4,S5,S5,S5,S5,S4,S4,S4,S4,S0,0.802,93230,,,,,,,
80,S5,S3,S4,S3,S4,S4,S5,S4,S5,S5,S4,S4,S4,S4,S0,0.79,93230,,,,,,,
81,S5,S3,S4,S3,S4,S4,S5,S4,S5,S5,S4,S4,S4,S4,S0,0.786,93230,,,,,,,
82,S4,S2,S4,S3,S4,S3,S5,S3,S5,S5,S4,S4,S3,S4,S0,0.698,93230,,,,,,,
83,S4,S3,S4,S3,S4,S4,S5,S3,S5,S5,S4,S4,S3,S4,S0,0.742,93230,,,,,,,
84,S4,S3,S4,S3,S4,S3,S5,S4,S5,S5,S4,S4,S3,S5,S0,0.75,93230,,,,,,,
85,S4,S3,S4,S3,S4,S3,S5,S4,S5,S5,S4,S4,S4,S5,S0,0.762,93230,,,,,,,
86,S4,S3,S4,S3,S4,S3,S5,S4,S5,S5,S4,S4,S4,S5,S0,0.762,93230,,,,,,,
87,S4,S2,S4,S3,S4,S3,S5,S3,S5,S5,S4,S4,S4,S5,S0,0.726,93230,,,,,,,
88,S4,S3,S4,S3,S3,S4,S5,S4,S5,S5,S3,S4,S3,S5,S0,0.762,93230,,,,,,,
89,S4,S3,S4,S3,S3,S4,S5,S4,S5,S5,S3,S4,S4,S5,S0,0.77,93230,,,,,,,
90,S4,S2,S4,S3,S4,S4,S5,S4,S5,S5,S3,S4,S4,S5,S0,0.754,93230,,,,,,,
91,S4,S2,S4,S3,S4,S4,S5,S4,S5,S5,S5,S4,S4,S5,S0,0.774,93230,,,,,,,
92,S4,S2,S4,S3,S3,S4,S5,S4,S5,S5,S5,S4,S4,S5,S0,0.766,93230,,,,,,,
93,S4,S2,S4,S3,S3,S4,S5,S4,S5,S5,S5,S4,S4,S5,S0,0.766,93230,,,,,,,
94,S4,S2,S4,S3,S3,S4,S5,S3,S5,S5,S5,S4,S4,S5,S0,0.742,93230,,,,,,,
95,S4,S3,S4,S3,S3,S3,S5,S4,S5,S5,S5,S4,S4,S5,S0,0.736,93230,,,,,,,
96,S4,S3,S4,S3,S4,S3,S5,S4,S5,S5,S5,S5,S4,S5,S0,0.75,93230,,,,,,,
97,S4,S3,S4,S3,S4,S3,S5,S4,S5,S5,S5,S5,S4,S5,S0,0.78,93230,50.592 KM,42321,B0= DESCARGA ATMOSFERICA,"21G, fase CG, Z1","Se encontró aislamiento flameado en la estructura 97 fase ""C"", causado por excremento de ave que rompió la distancia de fase a tierra.",42322,1
98,S4,S3,S4,S3,S4,S3,S5,S3,S5,S5,S5,S5,S3,S5,S0,0.752,93230,,,,,,,
99,S5,S3,S4,S3,S4,S3,S5,S4,S5,S5,S5,S5,S4,S5,S0,0.796,93230,,,,,,,
100,S5,S3,S4,S3,S4,S3,S5,S4,S5,S5,S3,S5,S4,S5,S0,0.78,93230,,,,,,,
101,S5,S3,S4,S3,S4,S3,S5,S3,S5,S5,S3,S5,S4,S5,S0,0.76,93230,,,,,,,
102,S5,S3,S4,S3,S3,S3,S5,S3,S5,S5,S5,S5,S3,S5,S0,0.766,93230,,,,,,,
103,S5,S3,S4,S3,S4,S4,S5,S4,S5,S5,S5,S5,S4,S5,S0,0.822,93230,,,,,,,
104,S5,S2,S4,S3,S3,S4,S5,S4,S5,S5,S3,S5,S4,S5,S0,0.764,93230,,,,,,,
105,S5,S2,S4,S3,S3,S4,S5,S4,S5,S5,S4,S5,S4,S5,S0,0.774,93230,,,,,,,
106,S5,S3,S4,S3,S3,S4,S5,S4,S5,S5,S4,S5,S4,S5,S0,0.798,93230,,,,,,,
107,S5,S3,S4,S3,S3,S4,S5,S4,S5,S5,S4,S5,S4,S5,S0,0.798,93230,,,,,,,
108,S5,S3,S4,S3,S3,S4,S5,S3,S5,S5,S4,S5,S4,S4,S0,0.77,93230,,,,,,,
109,S5,S3,S4,S3,S3,S4,S5,S4,S5,S5,S4,S5,S4,S4,S0,0.784,93230,,,,,,,
110,S5,S3,S4,S3,S4,S3,S5,S4,S5,S5,S3,S5,S4,S4,S0,0.76,93230,,,,,,,
111,S4,S3,S4,S3,S4,S3,S5,S4,S5,S5,S4,S5,S4,S4,S0,0.748,93230,,,,,,,
112,S4,S2,S4,S3,S4,S3,S4,S4,S5,S5,S4,S5,S3,S4,S0,0.71,93230,57.042 KM,39202,B0= DESCARGA ATMOSFERICA,"21-G, Z1, F ""B"", 87.39 km. LAT","LA CAUSA DE LA FALLA FUE AISLAMIENTO FLAMEADO EN LA ESTRUCTURA 112, FASE ""B"", PROVOCADA POR DESCARGAS ATMOSFERICAS EN LA ZONA. DEBIDO A QUE LA ESTRUCTURA ESTA DENTRO DEL EJIDO MAZATLAN, EL CUAL TIENE DEMANDA EN CONTRA DE C.F.E. SE SOLICITO APOYO AL DEPTO JURIDICO DE LA GRTC PARA PODER REALIZAR EL CAMBIO DEL AISLAMIENTO. ",39202,1
113,S4,S2,S4,S3,S4,S4,S4,S4,S5,S5,S4,S5,S4,S4,S0,0.738,93230,,,,,,,
114,S4,S3,S4,S3,S4,S4,S4,S4,S5,S5,S4,S5,S4,S4,S0,0.758,93230,,,,,,,
115,S4,S3,S4,S3,S4,S4,S4,S4,S5,S5,S4,S5,S4,S4,S0,0.758,93230,,,,,,,
116,S4,S3,S4,S3,S4,S4,S4,S4,S5,S5,S4,S5,S4,S4,S0,0.758,93230,,,,,,,
117,S4,S3,S4,S3,S4,S4,S4,S4,S5,S5,S4,S5,S4,S3,S0,0.75,93230,,,,,,,
118,S4,S3,S4,S3,S4,S4,S4,S4,S5,S5,S3,S5,S4,S3,S0,0.72,93230,,,,,,,
119,S4,S3,S4,S3,S4,S4,S4,S4,S5,S5,S4,S5,S4,S4,S0,0.74,93230,,,,,,,
120,S4,S2,S4,S3,S4,S4,S4,S3,S5,S5,S4,S5,S4,S4,S0,0.706,93230,,,,,,,
121,S4,S3,S4,S3,S3,S4,S4,S4,S5,S5,S4,S5,S4,S4,S0,0.742,93230,,,,,,,
122,S4,S3,S4,S3,S3,S4,S4,S4,S5,S4,S4,S5,S4,S4,S0,0.734,93230,,,,,,,
123,S4,S3,S4,S3,S3,S4,S4,S4,S5,S5,S3,S5,S3,S3,S0,0.722,93230,,,,,,,
124,S5,S3,S4,S3,S4,S4,S4,S4,S5,S5,S4,S5,S3,S3,S0,0.758,93230,,,,,,,
125,S5,S3,S4,S3,S4,S4,S4,S4,S5,S5,S4,S5,S4,S3,S0,0.766,93230,,,,,,,
126,S5,S3,S4,S3,S4,S4,S4,S4,S5,S5,S4,S5,S4,S3,S0,0.766,93230,,,,,,,
127,S5,S3,S4,S3,S4,S4,S4,S4,S5,S5,S4,S5,S4,S3,S0,0.766,93230,,,,,,,
128,S5,S2,S4,S3,S4,S4,S4,S4,S5,S5,S4,S5,S4,S3,S0,0.746,93230,,,,,,,
129,S5,S2,S4,S3,S5,S4,S4,S5,S5,S5,S4,S5,S4,S3,S0,0.764,93230,,,,,,,
130,S5,S2,S4,S3,S5,S4,S4,S5,S5,S5,S4,S5,S4,S3,S0,0.768,93230,,,,,,,
131,S4,S2,S4,S3,S5,S4,S4,S5,S5,S5,S4,S5,S3,S3,S0,0.74,93230,,,,,,,
132,S4,S2,S4,S3,S5,S3,S4,S5,S5,S5,S4,S5,S4,S4,S0,0.726,93230,,,,,,,
133,S4,S3,S4,S3,S5,S4,S4,S5,S5,S5,S4,S5,S4,S4,S0,0.772,93230,,,,,,,
134,S4,S3,S4,S3,S5,S4,S4,S5,S5,S5,S4,S5,S4,S4,S0,0.772,93230,,,,,,,
135,S4,S3,S4,S3,S5,S4,S4,S5,S5,S5,S4,S5,S4,S4,S0,0.78,93230,,,,,,,
136,S4,S3,S4,S3,S5,S4,S4,S5,S5,S5,S4,S5,S4,S4,S0,0.786,93230,,,,,,,
137,S4,S3,S4,S3,S5,S4,S4,S5,S5,S5,S3,S5,S4,S3,S0,0.778,93230,,,,,,,
138,S4,S3,S4,S3,S5,S4,S4,S5,S5,S5,S4,S5,S3,S3,S0,0.774,93230,,,,,,,
139,S4,S3,S4,S3,S5,S4,S4,S5,S5,S5,S4,S5,S4,S3,S0,0.782,93230,,,,,,,
140,S4,S3,S4,S3,S5,S4,S4,S5,S5,S5,S4,S5,S4,S3,S0,0.786,93230,70.697 km,42177,E2(1) VANDALISMO,"21G, Z1, fase CG, Ifalla 1351 A., loc. 74.07 km.,","NPS1346JUL22SGTSE ENCONTRÓ AISLAMIENTO FLAMEADO EN LA ESTRUCTURA 140 FASE ""C"", NO SE PERMITE EL ACCESO PARA DAR MANTENIMIENTO A LA LÍNEA. EJIDO ACAHUIZOTLA.",42178,6
141,S4,S3,S4,S3,S5,S3,S4,S5,S5,S5,S4,S5,S4,S4,S0,0.778,93230,,,,,,,
142,S4,S3,S4,S3,S5,S4,S3,S5,S5,S5,S4,S5,S4,S4,S0,0.792,93230,,,,,,,
143,S4,S2,S4,S3,S5,S4,S3,S5,S5,S5,S4,S5,S4,S4,S0,0.776,93230,,,,,,,
144,S4,S3,S4,S3,S5,S4,S4,S5,S5,S5,S4,S5,S4,S4,S0,0.796,93230,,,,,,,
145,S4,S3,S4,S3,S5,S4,S4,S5,S5,S5,S4,S5,S4,S4,S0,0.802,93230,,,,,,,
146,S4,S3,S4,S3,S5,S4,S4,S5,S5,S5,S4,S5,S4,S4,S0,0.772,93230,,,,,,,
147,S4,S3,S4,S3,S5,S4,S4,S5,S5,S5,S4,S5,S4,S4,S0,0.772,93230,,,,,,,
148,S4,S2,S4,S3,S5,S4,S4,S5,S5,S5,S4,S5,S4,S4,S0,0.752,93230,,,,,,,
149,S4,S2,S4,S3,S4,S4,S4,S5,S5,S5,S4,S5,S4,S4,S0,0.738,93230,,,,,,,
150,S4,S2,S4,S3,S4,S3,S4,S5,S5,S5,S4,S5,S4,S4,S0,0.716,93230,,,,,,,
151,S4,S3,S4,S3,S4,S4,S4,S5,S5,S5,S4,S5,S4,S4,S0,0.752,93230,,,,,,,
152,S4,S2,S4,S3,S4,S4,S4,S5,S5,S5,S5,S5,S4,S4,S0,0.734,93230,,,,,,,
153,S4,S2,S4,S3,S3,S4,S4,S5,S5,S5,S5,S5,S4,S4,S0,0.736,93230,,,,,,,
154,S4,S3,S3,S3,S3,S4,S4,S5,S5,S5,S5,S5,S4,S5,S0,0.764,93230,77.645 KM,38956,B0= DESCARGA ATMOSFERICA,"21-G, Fase ""C"", Z1, 80.68 Km. De MZL",Se sustituyó aislamiento flameado en est. 154 fase C el 040906,38964,1
155,S4,S3,S4,S3,S3,S4,S4,S5,S5,S5,S5,S5,S4,S5,S0,0.772,93230,,,,,,,
156,S4,S3,S4,S3,S3,S4,S4,S5,S5,S5,S5,S5,S3,S5,S0,0.76,93230,,,,,,,
157,S4,S2,S4,S3,S4,S4,S4,S5,S5,S5,S5,S5,S4,S5,S0,0.756,93230,,,,,,,
158,S4,S2,S3,S3,S4,S4,S4,S5,S5,S5,S5,S5,S4,S5,S0,0.742,93230,,,,,,,
159,S4,S3,S4,S3,S4,S4,S4,S5,S5,S5,S5,S5,S4,S5,S0,0.77,93230,79.798 KM,42175,E2 (I)= VANDALISMO,"67N, FASE AG, Z1, If 434 A. LOC. 126.35 KM. LAT.","SE ENCONTRÓ ÁRBOL A UN COSTADO DE LA LÍNEA, VIENTOS ACERCARON CONDUCTOR ROMPIENDO DISTANCIA FASE A TIERRA. ENTRE LAS EST. 159-160. NO SE PERMITE EL ACCESO",42175,6
160,S5,S3,S4,S3,S3,S4,S4,S5,S5,S5,S5,S5,S4,S5,S0,0.788,93230,80.179 KM,38601,B0= DESCARGA ATMOSFERICA,"21-G, Fase ""C"", Z1, 76 Km. De MZL","Causa aislamiento flameado en la estructura 160 fase ""C""",38602,1
161,S5,S2,S4,S3,S4,S4,S4,S5,S5,S5,S5,S5,S4,S5,S0,0.772,93230,,,,,,,
162,S5,S3,S4,S3,S3,S4,S4,S5,S5,S5,S5,S5,S4,S5,S0,0.814,93230,,,,,,,
163,S5,S3,S4,S3,S4,S4,S4,S5,S5,S5,S5,S5,S4,S5,S0,0.818,93230,,,,,,,
164,S5,S3,S4,S3,S3,S4,S3,S5,S5,S5,S5,S4,S4,S5,S0,0.802,93230,,,,,,,
165,S5,S3,S4,S3,S4,S4,S3,S5,S5,S5,S5,S4,S4,S5,S0,0.81,93230,,,,,,,
166,S5,S3,S4,S3,S3,S4,S3,S5,S5,S5,S5,S4,S4,S5,S0,0.806,93230,,,,,,,
167,S5,S3,S4,S3,S3,S3,S3,S5,S5,S5,S5,S4,S4,S5,S0,0.79,93230,,,,,,,
168,S5,S2,S4,S3,S4,S5,S4,S5,S5,S5,S5,S4,S4,S5,S0,0.818,93230,,,,,,,
169,S5,S3,S4,S3,S4,S5,S4,S5,S5,S5,S5,S4,S4,S5,S0,0.844,93230,,,,,,,
170,S5,S3,S4,S3,S4,S5,S4,S5,S5,S5,S5,S4,S4,S5,S0,0.844,93230,84.512 KM,39710,B0= DESCARGA ATMOSFERICA,"21G,FC,Z1,60.17 KM LAT","LA CAUSA DE ESTA FALLA FUE POR AISLAMIENTO FLAMEADO EN LAS EST. 170 Y 171 FASE ""C"". DICHAS CADENAS DE AISLADORES SE SUSTITUYERON EL DÍA 1 DE OCTUBRE DE 2008, CON REGISTRO No. 48473 Y LIC. No. 3479.",39722,1
171,S5,S3,S4,S3,S4,S4,S3,S5,S5,S5,S5,S4,S4,S5,S0,0.818,93230,,,,,,,
172,S5,S3,S4,S3,S4,S5,S4,S4,S5,S5,S5,S3,S4,S5,S0,0.818,93230,,,,,,,
173,S5,S3,S4,S3,S4,S5,S4,S4,S5,S5,S5,S4,S4,S5,S0,0.818,93230,,,,,,,
174,S5,S3,S4,S3,S4,S5,S4,S4,S5,S5,S5,S4,S4,S5,S0,0.818,93230,,,,,,,
175,S5,S3,S4,S0,S4,S5,S4,S3,S5,S5,S5,S4,S4,S5,S0,0.792,93230,,,,,,,
176,S5,S3,S5,S0,S4,S5,S4,S3,S5,S5,S5,S3,S4,S3,S0,0.77,93230,,,,,,,
177,S5,S3,S5,S0,S4,S5,S4,S3,S5,S5,S5,S3,S3,S5,S0,0.786,93230,,,,,,,
178,S5,S3,S5,S0,S4,S5,S3,S3,S5,S5,S5,S3,S5,S5,S0,0.796,93230,,,,,,,
179,S5,S3,S5,S0,S4,S5,S4,S3,S5,S5,S5,S3,S5,S5,S0,0.798,93230,,,,,,,
180,S5,S3,S5,S5,S4,S5,S4,S3,S5,S5,S5,S4,S5,S5,S0,0.804,93230,,,,,,,
181,S5,S3,S5,S3,S4,S5,S4,S3,S5,S5,S5,S4,S5,S5,S0,0.792,93230,,,,,,,
182,S5,S3,S5,S3,S4,S5,S4,S3,S5,S5,S5,S4,S5,S5,S0,0.796,93230,,,,,,,
183,S5,S2,S5,S3,S4,S5,S4,S3,S5,S5,S5,S4,S5,S5,S0,0.776,93230,,,,,,,
184,S5,S2,S5,S3,S3,S5,S4,S3,S5,S5,S5,S4,S5,S5,S0,0.762,93230,,,,,,,
185,S4,S2,S5,S3,S4,S5,S4,S3,S5,S5,S5,S4,S5,S5,S0,0.752,93230,,,,,,,
186,S4,S3,S5,S3,S4,S5,S4,S3,S5,S5,S5,S4,S5,S5,S0,0.78,93230,,,,,,,
187,S4,S3,S5,S3,S4,S5,S4,S3,S5,S5,S5,S4,S5,S5,S0,0.78,93230,,,,,,,
188,S4,S3,S5,S3,S4,S5,S4,S3,S5,S5,S5,S4,S5,S5,S0,0.78,93230,,,,,,,
190,S4,S3,S5,S3,S4,S5,S4,S3,S5,S5,S5,S4,S5,S4,S0,0.768,93230,,,,,,,
191,S4,S3,S5,S3,S4,S5,S4,S3,S5,S5,S5,S4,S5,S4,S0,0.764,93230,,,,,,,
192,S4,S3,S5,S3,S4,S5,S3,S3,S5,S5,S5,S5,S5,S4,S0,0.764,93230,,,,,,,
193,S4,S3,S5,S3,S4,S5,S3,S3,S5,S5,S5,S5,S5,S4,S0,0.764,93230,,,,,,,
194,S4,S2,S5,S3,S4,S4,S3,S3,S5,S5,S5,S5,S5,S4,S0,0.724,93230,,,,,,,
195,S4,S3,S5,S3,S4,S5,S5,S3,S5,S5,S5,S5,S5,S4,S0,0.776,93230,,,,,,,
196,S4,S3,S5,S3,S4,S5,S5,S3,S5,S5,S5,S5,S5,S4,S0,0.784,93230,,,,,,,
197,S4,S3,S5,S3,S4,S4,S5,S3,S5,S5,S5,S5,S5,S4,S0,0.764,93230,,,,,,,
198,S4,S3,S5,S3,S4,S4,S5,S3,S5,S4,S5,S5,S5,S4,S0,0.774,93230,,,,,,,
199,S4,S3,S5,S3,S4,S4,S5,S3,S5,S4,S5,S5,S3,S4,S0,0.758,93230,,,,,,,
200,S4,S3,S5,S3,S4,S4,S5,S3,S5,S4,S5,S5,S4,S4,S0,0.766,93230,,,,,,,
201,S4,S3,S5,S3,S4,S4,S5,S3,S5,S5,S4,S5,S4,S3,S0,0.75,93230,,,,,,,
202,S4,S3,S5,S3,S4,S4,S5,S3,S5,S5,S4,S5,S4,S4,S0,0.762,93230,,,,,,,
203,S4,S3,S5,S3,S4,S4,S5,S3,S5,S5,S4,S5,S4,S4,S0,0.75,93230,103.887 KM,41204,E2=(1) VANDALISMO,"21G, fase ""C"", Z1, 67.89 Km. De LAT. ","EN LA ESTRUCTURA 151, LA CADENA DE AISLADORES ESTAN TODOS ROTOS, Y EN LA FASE ""A"", TIENE 9 AISLADORES ROTOS. LA LINEA SIGUE FUERA.",41204,6
204,S4,S3,S5,S3,S4,S4,S5,S3,S5,S5,S4,S5,S4,S4,S0,0.76,93230,,,,,,,
205,S4,S3,S5,S3,S4,S4,S5,S3,S5,S5,S4,S5,S4,S4,S0,0.76,93230,,,,,,,
206,S4,S3,S5,S3,S4,S4,S5,S3,S5,S5,S4,S5,S4,S4,S0,0.756,93230,,,,,,,
207,S4,S2,S5,S3,S4,S4,S5,S3,S5,S5,S4,S5,S4,S4,S0,0.736,93230,,,,,,,
208,S4,S2,S5,S3,S4,S4,S5,S3,S5,S5,S4,S5,S4,S3,S0,0.728,93230,,,,,,,
209,S4,S2,S5,S3,S4,S4,S5,S3,S5,S5,S4,S5,S4,S4,S0,0.74,93230,,,,,,,
210,S4,S2,S5,S3,S4,S4,S5,S3,S5,S5,S4,S5,S4,S4,S0,0.722,93230,,,,,,,
211,S4,S2,S5,S3,S4,S4,S5,S3,S5,S5,S4,S5,S5,S4,S0,0.73,93230,,,,,,,
212,S4,S3,S5,S3,S4,S4,S5,S3,S5,S5,S4,S5,S5,S4,S0,0.75,93230,,,,,,,
213,S4,S3,S5,S3,S4,S4,S5,S3,S5,S5,S3,S5,S5,S4,S0,0.756,93230,,,,,,,
214,S4,S3,S5,S3,S4,S4,S5,S3,S5,S5,S4,S5,S5,S4,S0,0.772,93230,,,,,,,
215,S4,S2,S5,S3,S4,S4,S4,S3,S5,S5,S4,S5,S5,S4,S0,0.746,93230,,,,,,,
216,S4,S2,S5,S3,S4,S4,S4,S3,S5,S5,S4,S5,S5,S4,S0,0.746,93230,,,,,,,
217,S4,S3,S5,S3,S4,S4,S4,S3,S5,S5,S4,S5,S4,S4,S0,0.758,93230,,,,,,,
218,S4,S2,S5,S3,S4,S4,S3,S3,S5,S5,S4,S5,S4,S4,S0,0.732,93230,,,,,,,
219,S5,S3,S5,S3,S3,S4,S4,S3,S5,S5,S3,S5,S4,S4,S0,0.762,93230,,,,,,,
220,S5,S3,S5,S3,S4,S4,S4,S3,S5,S5,S4,S5,S3,S4,S0,0.77,93230,,,,,,,
221,S5,S3,S5,S3,S4,S4,S4,S3,S5,S5,S4,S5,S3,S4,S0,0.77,93230,,,,,,,
222,S5,S2,S5,S3,S3,S4,S3,S3,S5,S5,S4,S5,S4,S4,S0,0.736,93230,,,,,,,
223,S5,S3,S5,S3,S4,S4,S4,S3,S5,S5,S4,S5,S4,S3,S0,0.762,93230,,,,,,,
224,S5,S3,S5,S3,S4,S4,S4,S3,S5,S5,S4,S5,S4,S3,S0,0.756,93230,,,,,,,
225,S5,S3,S5,S3,S4,S4,S4,S3,S5,S5,S4,S5,S4,S3,S0,0.762,93230,,,,,,,
226,S5,S3,S5,S3,S3,S4,S4,S3,S5,S5,S4,S5,S4,S3,S0,0.748,93230,,,,,,,
227,S5,S3,S5,S3,S3,S4,S4,S3,S5,S5,S4,S5,S4,S4,S0,0.748,93230,,,,,,,
228,S5,S3,S5,S3,S3,S4,S3,S3,S5,S5,S4,S5,S3,S4,S0,0.728,93230,116.564 KM,40394,B0= DESCARGA ATMOSFERICA,"21G,F""A"",Z1,118.95 KM. MZL",SE ENCONTRO AISLAMIENTO FLAMEADO EN LA EST. 228,40395,1
229,S5,S3,S5,S3,S3,S4,S3,S3,S5,S5,S4,S5,S4,S4,S0,0.742,93230,116.826 KM,40713,A6= CONTAMINACION,"21G,fase ""A"",Z2, 85.9 km. MZL",SE LOCALIZÓ ÁRBOL PARCIALMENTE QUEMADO ENTRE LAS EST. 229 Y 230.,40713,5
230,S5,S3,S4,S3,S3,S4,S4,S3,S5,S5,S4,S5,S3,S4,S0,0.738,93230,,,,,,,
231,S5,S3,S4,S3,S4,S3,S3,S3,S5,S5,S4,S5,S4,S3,S0,0.712,93230,,,,,,,
232,S5,S3,S4,S3,S4,S3,S3,S3,S5,S5,S4,S5,S4,S3,S0,0.712,93230,,,,,,,
233,S5,S3,S4,S3,S4,S5,S4,S3,S5,S5,S4,S5,S4,S3,S0,0.728,93230,,,,,,,
234,S5,S3,S4,S3,S4,S5,S4,S3,S5,S5,S4,S5,S5,S3,S0,0.754,93230,,,,,,,
235,S5,S3,S4,S3,S4,S5,S4,S3,S5,S5,S4,S5,S5,S4,S0,0.796,93230,,,,,,,
236,S5,S3,S4,S3,S4,S5,S4,S3,S5,S5,S4,S5,S5,S4,S0,0.796,93230,,,,,,,
237,S5,S3,S4,S3,S4,S5,S4,S3,S5,S5,S4,S5,S5,S4,S0,0.8,93230,,,,,,,
238,S5,S3,S4,S3,S4,S5,S4,S3,S5,S5,S4,S5,S5,S4,S0,0.804,93230,,,,,,,
239,S5,S3,S4,S3,S4,S5,S4,S3,S5,S5,S4,S5,S5,S4,S0,0.804,93230,,,,,,,
240,S5,S3,S4,S3,S4,S5,S4,S3,S5,S5,S4,S5,S5,S4,S0,0.808,93230,,,,,,,
241,S5,S3,S4,S3,S4,S5,S4,S3,S5,S5,S4,S5,S5,S4,S0,0.808,93230,121.332 KM,40179,C2= QUEMA DE BOSQUE,"21G fase ”C” Zona 1, Ifalla 2000 A. Loc. Falla: 21",La causa de la falla fué por quema de maleza entre las est. 241 y 242.,40179,3
242,S5,S3,S4,S3,S4,S5,S4,S3,S5,S5,S4,S4,S5,S3,S0,0.79,93230,,,,,,,
243,S5,S3,S4,S3,S4,S5,S4,S3,S5,S5,S4,S4,S5,S3,S0,0.772,93230,,,,,,,
244,S5,S3,S4,S3,S4,S5,S4,S3,S5,S5,S4,S4,S4,S3,S0,0.764,93230,,,,,,,
245,S5,S3,S4,S3,S4,S5,S4,S3,S5,S5,S4,S4,S4,S5,S0,0.788,93230,,,,,,,
246,S5,S3,S4,S3,S4,S5,S4,S3,S5,S5,S4,S4,S4,S5,S0,0.788,93230,,,,,,,
247,S5,S3,S4,S3,S4,S5,S4,S3,S5,S5,S4,S4,S4,S5,S0,0.788,93230,,,,,,,
248,S5,S3,S4,S3,S4,S5,S4,S3,S5,S5,S5,S4,S4,S5,S0,0.79,93230,,,,,,,
249,S4,S3,S4,S3,S4,S5,S4,S3,S5,S5,S5,S4,S4,S5,S0,0.77,93230,,,,,,,
250,S4,S2,S4,S3,S4,S5,S4,S3,S5,S5,S5,S4,S4,S5,S0,0.746,93230,,,,,,,
251,S4,S2,S4,S3,S4,S5,S3,S3,S5,S5,S5,S4,S4,S5,S0,0.74,93230,,,,,,,
252,S4,S3,S4,S3,S5,S5,S3,S3,S5,S5,S5,S4,S4,S5,S0,0.774,93230,,,,,,,
253,S4,S3,S4,S3,S5,S5,S3,S3,S5,S5,S5,S4,S4,S5,S0,0.744,93230,125.878 KM,38849,A5=BRECHA,"21-G, Fase ""C"", Z1, 95 Km. De MZL",Causa árbol entre las estructuras 253 y 254.,38849,10
254,S4,S3,S4,S3,S3,S5,S3,S3,S5,S4,S5,S4,S4,S5,S0,0.76,93230,,,,,,,
255,S4,S3,S4,S3,S3,S5,S4,S3,S5,S4,S5,S4,S4,S5,S0,0.77,93230,,,,,,,
256,S4,S2,S4,S3,S3,S5,S4,S3,S5,S4,S5,S3,S4,S5,S0,0.748,93230,,,,,,,
257,S4,S2,S4,S3,S4,S5,S3,S3,S5,S4,S5,S3,S4,S5,S0,0.75,93230,,,,,,,
258,S4,S3,S4,S3,S4,S5,S4,S3,S5,S4,S5,S3,S4,S5,S0,0.776,93230,,,,,,,
259,S4,S3,S4,S3,S4,S5,S4,S3,S5,S4,S5,S4,S4,S5,S0,0.782,93230,,,,,,,
260,S4,S3,S4,S3,S4,S5,S4,S3,S5,S4,S5,S4,S4,S5,S0,0.782,93230,,,,,,,
261,S4,S3,S4,S3,S3,S5,S3,S3,S5,S4,S5,S3,S4,S5,S0,0.758,93230,,,,,,,
262,S4,S2,S4,S3,S4,S5,S3,S3,S5,S4,S5,S3,S3,S5,S0,0.742,93230,,,,,,,
263,S4,S3,S4,S3,S3,S5,S3,S3,S5,S4,S5,S3,S5,S5,S0,0.77,93230,,,,,,,
264,S4,S3,S4,S3,S3,S5,S3,S3,S5,S4,S5,S4,S5,S5,S0,0.776,93230,,,,,,,
265,S4,S3,S4,S3,S3,S5,S4,S3,S5,S4,S5,S4,S5,S5,S0,0.77,93230,,,,,,,
266,S5,S2,S4,S3,S3,S5,S4,S3,S5,S4,S5,S4,S5,S4,S0,0.758,93230,,,,,,,
267,S5,S3,S4,S3,S4,S5,S4,S3,S5,S4,S5,S4,S5,S4,S0,0.786,93230,,,,,,,
268,S3,S3,S4,S3,S4,S5,S4,S3,S5,S4,S5,S4,S5,S4,S0,0.746,93230,,,,,,,
269,S3,S3,S4,S3,S4,S5,S4,S3,S5,S5,S5,S4,S5,S4,S0,0.766,93230,,,,,,,
270,S4,S3,S4,S3,S3,S5,S4,S3,S5,S5,S5,S4,S5,S4,S0,0.768,93230,,,,,,,
271,S4,S3,S4,S3,S4,S5,S4,S3,S5,S5,S5,S4,S5,S3,S0,0.768,93230,,,,,,,
272,S4,S3,S4,S3,S4,S5,S4,S3,S5,S5,S5,S4,S5,S4,S0,0.786,93230,,,,,,,
273,S4,S3,S4,S3,S4,S5,S4,S3,S5,S5,S5,S4,S4,S4,S0,0.778,93230,,,,,,,
274,S4,S3,S4,S3,S3,S5,S4,S3,S5,S5,S4,S4,S4,S4,S0,0.766,93230,,,,,,,
275,S4,S3,S4,S3,S4,S5,S4,S3,S5,S5,S4,S4,S4,S4,S0,0.768,93230,,,,,,,
276,S4,S3,S4,S3,S3,S5,S4,S3,S5,S5,S4,S4,S4,S4,S0,0.766,93230,,,,,,,
277,S4,S3,S4,S3,S4,S5,S4,S3,S5,S5,S3,S4,S4,S4,S0,0.766,93230,,,,,,,
278,S4,S3,S4,S3,S4,S5,S4,S3,S5,S5,S3,S4,S4,S4,S0,0.766,93230,,,,,,,
279,S4,S3,S5,S3,S4,S5,S4,S3,S5,S5,S3,S4,S3,S4,S0,0.766,93230,,,,,,,
280,S5,S3,S5,S3,S3,S5,S4,S3,S5,S5,S3,S5,S4,S4,S0,0.786,93230,,,,,,,
281,S5,S2,S5,S3,S4,S5,S4,S3,S5,S5,S3,S5,S4,S4,S0,0.78,93230,,,,,,,
282,S5,S3,S5,S3,S4,S5,S4,S3,S5,S5,S4,S5,S4,S4,S0,0.79,93230,137.804 KM,41621,E2=(1) VANDALISMO,"67N,IFALLA= 410 AMP, LOC. 22.39 KM Y FASE CG",RAMAS DE ÁRBOL QUE ROMPEN DIST. CON LA FASE C EN EL CLARO 282 Y 283 NOTA: SE TIENE UN SEGUNDO EVENTO POR LA MISMA CAUSA ENTRE EL MISMO CLARO A LAS 12:12 HRS QUEDANDO LA LT ,41621,6
283,S5,S2,S5,S3,S3,S5,S4,S3,S5,S5,S4,S5,S3,S4,S0,0.754,93230,,,,,,,
284,S5,S2,S5,S3,S4,S5,S4,S3,S5,S5,S4,S5,S4,S4,S0,0.782,93230,,,,,,,
285,S5,S3,S5,S3,S4,S5,S4,S3,S5,S5,S4,S5,S4,S4,S0,0.798,93230,,,,,,,
286,S5,S3,S5,S3,S3,S5,S4,S3,S5,S5,S4,S5,S4,S4,S0,0.796,93230,,,,,,,
287,S5,S3,S5,S3,S4,S5,S4,S3,S5,S5,S5,S5,S4,S4,S0,0.816,93230,,,,,,,
288,S5,S2,S5,S3,S4,S5,S4,S3,S5,S5,S5,S5,S4,S4,S0,0.8,93230,,,,,,,
289,S5,S2,S5,S3,S4,S5,S4,S3,S5,S5,S5,S5,S4,S4,S0,0.782,93230,139.995 KM,42245,E2=(1) VANDALISMO,"21G, fase ""C"", Z1, 2.01 Km. De LAT. ","Se encontró árbol entre las est. 289 y 290, no se permite el acceso.",42245,6
290,S5,S2,S5,S3,S4,S5,S5,S3,S5,S5,S5,S5,S3,S4,S0,0.78,93230,,,,,,,
291,S5,S3,S5,S3,S4,S5,S5,S3,S5,S5,S5,S5,S4,S4,S0,0.808,93230,,,,,,,
292,S5,S2,S5,S3,S4,S5,S5,S3,S5,S5,S5,S5,S4,S4,S0,0.784,93230,,,,,,,
293,S5,S3,S5,S3,S4,S5,S5,S3,S5,S4,S5,S5,S4,S4,S0,0.784,93230,141.231 KM,42296,E2=(1) VANDALISMO,"21G,fase CG,Z1, loc. 0.74 km. de LAT","Se encontró árbol quemado entre las est. 293 y 294, no se permite el acceso.",42296,6
294,S5,S3,S5,S3,S4,S5,S5,S3,S5,S4,S5,S5,S4,S4,S0,0.784,93230,,,,,,,
1,S4,S5,S5,S3,S5,S5,S5,S5,S5,S5,S5,S5,S5,S5,S0,0.93,93280,,,,,,,
2,S4,S5,S5,S3,S5,S5,S5,S5,S5,S5,S5,S5,S5,S5,S0,0.93,93280,,,,,,,
3,S4,S5,S5,S3,S5,S4,S5,S5,S5,S5,S5,S5,S5,S5,S0,0.91,93280,,,,,,,
4,S3,S5,S5,S3,S5,S4,S5,S5,S5,S4,S5,S5,S5,S5,S0,0.882,93280,1.18 KM.,42243,B0= DESCARGA ATMOSFERICA,"21CG, zona 1, loc. 1.18 km. de CGP, If 3376 amp.","Se encontró cadena flameada en la estructura 4, fase ""C"".",42244,1
5,S3,S3,S5,S3,S5,S4,S5,S5,S5,S4,S5,S5,S5,S5,S0,0.842,93280,,,,,,,
6,S3,S3,S5,S3,S5,S4,S5,S5,S5,S5,S5,S5,S5,S5,S0,0.85,93280,,,,,,,
7,S3,S3,S5,S3,S5,S5,S5,S5,S5,S5,S5,S5,S5,S5,S0,0.87,93280,,,,,,,
8,S3,S4,S4,S3,S4,S5,S5,S5,S5,S5,S5,S5,S5,S5,S0,0.868,93280,,,,,,,
9,S3,S4,S4,S3,S4,S4,S5,S5,S5,S5,S5,S5,S5,S5,S0,0.848,93280,,,,,,,
10,S4,S4,S4,S3,S5,S4,S5,S5,S5,S4,S5,S5,S5,S5,S0,0.868,93280,,,,,,,
11,S4,S4,S4,S3,S5,S4,S5,S4,S5,S5,S5,S5,S5,S5,S0,0.85,93280,,,,,,,
12,S4,S4,S4,S3,S4,S5,S5,S4,S5,S5,S5,S5,S5,S5,S0,0.874,93280,3.9 KM,42209,B0= DESCARGA ATMOSFERICA,"21, Z1, fase AG, loc. 3.9 km. de SE. CGP.",Causa aislamiento flameado por descarga atmosférica en la estructura 12.,42212,1
13,S4,S4,S4,S3,S4,S4,S5,S4,S5,S5,S5,S5,S5,S5,S0,0.848,93280,,,,,,,
14,S3,S4,S4,S3,S4,S4,S5,S4,S5,S5,S5,S5,S5,S5,S0,0.834,93280,,,,,,,
15,S3,S4,S4,S3,S4,S4,S5,S4,S5,S5,S5,S5,S5,S5,S0,0.842,93280,,,,,,,
16,S3,S4,S5,S3,S5,S4,S5,S4,S5,S5,S5,S5,S5,S5,S0,0.844,93280,,,,,,,
17,S4,S4,S5,S3,S5,S4,S5,S3,S5,S5,S5,S5,S5,S5,S0,0.844,93280,,,,,,,
18,S4,S4,S5,S3,S5,S4,S5,S3,S5,S4,S5,S5,S5,S5,S0,0.836,93280,,,,,,,
19,S4,S4,S5,S3,S5,S4,S5,S4,S5,S5,S5,S5,S5,S5,S0,0.864,93280,,,,,,,
20,S3,S4,S5,S3,S5,S4,S5,S3,S5,S4,S5,S5,S5,S5,S0,0.816,93280,,,,,,,
21,S3,S4,S5,S3,S5,S4,S5,S4,S5,S4,S5,S5,S5,S5,S0,0.842,93280,,,,,,,
22,S3,S4,S5,S3,S5,S4,S5,S4,S5,S4,S5,S5,S5,S5,S0,0.842,93280,,,,,,,
23,S3,S4,S5,S3,S5,S4,S5,S4,S5,S5,S5,S5,S5,S5,S0,0.85,93280,,,,,,,
24,S3,S4,S5,S3,S5,S4,S5,S4,S5,S4,S5,S5,S5,S5,S0,0.842,93280,,,,,,,
25,S3,S4,S4,S3,S4,S5,S5,S4,S5,S5,S5,S5,S5,S5,S0,0.854,93280,,,,,,,
26,S3,S4,S4,S3,S4,S5,S5,S4,S5,S5,S5,S5,S5,S5,S0,0.854,93280,,,,,,,
27,S3,S4,S4,S3,S4,S5,S5,S4,S5,S5,S5,S5,S5,S5,S0,0.862,93280,,,,,,,
28,S3,S4,S4,S3,S4,S5,S5,S4,S5,S5,S5,S5,S5,S5,S0,0.854,93280,,,,,,,
29,S3,S4,S4,S3,S4,S5,S5,S3,S5,S5,S5,S5,S5,S5,S0,0.834,93280,,,,,,,
30,S3,S4,S4,S3,S4,S5,S5,S3,S5,S4,S5,S5,S5,S5,S0,0.826,93280,,,,,,,
31,S3,S3,S4,S3,S4,S5,S5,S4,S5,S4,S5,S5,S5,S5,S0,0.826,93280,,,,,,,
32,S3,S3,S4,S3,S4,S5,S5,S4,S5,S5,S5,S5,S5,S5,S0,0.834,93280,,,,,,,
33,S4,S3,S4,S3,S4,S5,S5,S4,S5,S4,S5,S5,S5,S5,S0,0.84,93280,,,,,,,
34,S4,S3,S4,S3,S4,S5,S5,S4,S5,S5,S5,S5,S5,S5,S0,0.848,93280,,,,,,,
35,S4,S3,S4,S3,S4,S5,S5,S4,S5,S4,S5,S5,S5,S5,S0,0.84,93280,,,,,,,
36,S4,S3,S4,S3,S4,S3,S5,S4,S5,S5,S5,S5,S5,S5,S0,0.808,93280,,,,,,,
37,S4,S3,S4,S3,S4,S3,S5,S4,S5,S5,S5,S5,S5,S5,S0,0.808,93280,,,,,,,
38,S4,S3,S4,S3,S4,S3,S5,S4,S5,S5,S5,S5,S5,S5,S0,0.808,93280,,,,,,,
39,S4,S3,S4,S3,S4,S3,S5,S4,S5,S4,S5,S5,S5,S5,S0,0.8,93280,,,,,,,
40,S4,S3,S4,S3,S4,S3,S5,S3,S5,S5,S5,S5,S5,S5,S0,0.796,93280,,,,,,,
41,S4,S3,S4,S3,S4,S3,S5,S3,S5,S5,S5,S5,S5,S5,S0,0.794,93280,,,,,,,
42,S4,S3,S4,S3,S4,S3,S5,S3,S5,S4,S5,S5,S5,S5,S0,0.786,93280,,,,,,,
43,S4,S4,S4,S3,S4,S3,S5,S3,S5,S4,S5,S5,S5,S5,S0,0.806,93280,,,,,,,
44,S4,S4,S4,S3,S4,S3,S5,S3,S5,S4,S5,S5,S5,S5,S0,0.806,93280,,,,,,,
45,S4,S4,S4,S3,S4,S3,S5,S3,S5,S5,S5,S5,S5,S5,S0,0.814,93280,,,,,,,
46,S4,S3,S5,S3,S5,S3,S5,S3,S5,S4,S5,S5,S5,S5,S0,0.802,93280,,,,,,,
47,S3,S3,S3,S3,S4,S3,S5,S3,S5,S5,S5,S5,S5,S5,S0,0.748,93280,,,,,,,
48,S3,S4,S3,S3,S4,S3,S5,S3,S5,S5,S5,S5,S5,S5,S0,0.768,93280,,,,,,,
49,S3,S4,S3,S3,S4,S3,S5,S3,S5,S5,S5,S5,S5,S5,S0,0.768,93280,,,,,,,
50,S3,S4,S3,S3,S4,S3,S5,S4,S5,S4,S5,S5,S5,S5,S0,0.788,93280,,,,,,,
51,S3,S3,S3,S3,S4,S3,S5,S4,S5,S5,S5,S5,S5,S5,S0,0.768,93280,,,,,,,
52,S3,S4,S3,S3,S4,S3,S5,S4,S5,S5,S5,S5,S5,S5,S0,0.788,93280,,,,,,,
53,S3,S4,S4,S3,S4,S3,S5,S4,S5,S3,S5,S5,S5,S5,S0,0.768,93280,,,,,,,
54,S3,S4,S4,S3,S4,S3,S5,S4,S5,S4,S5,S5,S5,S5,S0,0.782,93280,,,,,,,
55,S3,S4,S4,S3,S4,S4,S5,S4,S5,S5,S5,S5,S5,S5,S0,0.81,93280,,,,,,,
56,S3,S4,S4,S3,S4,S4,S5,S4,S5,S5,S5,S5,S5,S5,S0,0.81,93280,,,,,,,
57,S3,S4,S4,S3,S4,S4,S5,S4,S5,S5,S5,S5,S5,S5,S0,0.804,93280,,,,,,,
58,S3,S2,S4,S3,S4,S3,S5,S4,S5,S5,S5,S5,S5,S5,S0,0.744,93280,,,,,,,
59,S3,S2,S3,S3,S3,S3,S5,S3,S5,S5,S5,S5,S5,S5,S0,0.708,93280,,,,,,,
60,S3,S2,S3,S3,S3,S3,S5,S3,S5,S5,S5,S5,S5,S5,S0,0.714,93280,,,,,,,
61,S4,S3,S3,S3,S4,S3,S5,S4,S5,S5,S5,S5,S5,S5,S0,0.776,93280,24.5 KM,41192,B0= DESCARGA ATMOSFERICA,"21 FA, Z-1, 24.5 KM. DE CGP","Se encontró aislamiento flameado en la estructura 61, fase ""A"".",41193,1
62,S4,S3,S3,S3,S4,S4,S5,S4,S5,S5,S5,S5,S5,S5,S0,0.796,93280,,,,,,,
63,S4,S4,S3,S3,S4,S4,S5,S4,S5,S5,S5,S5,S5,S5,S0,0.812,93280,,,,,,,
64,S3,S4,S3,S3,S4,S4,S5,S4,S5,S5,S5,S5,S5,S5,S0,0.792,93280,,,,,,,
65,S3,S3,S3,S3,S4,S4,S5,S4,S5,S4,S5,S5,S5,S5,S0,0.764,93280,,,,,,,
66,S4,S3,S3,S3,S4,S4,S5,S4,S5,S5,S5,S5,S5,S5,S0,0.792,93280,,,,,,,
67,S4,S2,S3,S3,S4,S4,S5,S4,S5,S4,S5,S5,S5,S5,S0,0.764,93280,,,,,,,
68,S4,S3,S3,S3,S4,S4,S5,S4,S5,S4,S5,S5,S5,S5,S0,0.784,93280,,,,,,,
69,S4,S2,S3,S3,S3,S4,S5,S4,S5,S5,S5,S5,S5,S5,S0,0.758,93280,,,,,,,
70,S4,S3,S3,S3,S3,S4,S5,S4,S5,S5,S5,S5,S5,S5,S0,0.798,93280,,,,,,,
71,S4,S3,S3,S3,S3,S3,S5,S4,S5,S4,S5,S5,S5,S5,S0,0.756,93280,,,,,,,
72,S4,S3,S3,S3,S3,S3,S5,S4,S5,S5,S5,S5,S5,S5,S0,0.792,93280,,,,,,,
73,S4,S3,S3,S3,S3,S3,S5,S4,S5,S5,S5,S5,S5,S5,S0,0.792,93280,,,,,,,
74,S4,S3,S5,S3,S5,S3,S5,S4,S5,S5,S5,S5,S5,S5,S0,0.824,93280,,,,,,,
75,S4,S5,S5,S3,S5,S3,S5,S4,S5,S5,S5,S5,S5,S5,S0,0.87,93280,,,,,,,
76,S4,S4,S5,S3,S5,S3,S5,S3,S5,S5,S5,S5,S5,S5,S0,0.83,93280,,,,,,,
77,S4,S5,S5,S3,S5,S3,S5,S3,S5,S5,S5,S5,S5,S5,S0,0.85,93280,,,,,,,
78,S4,S4,S5,S3,S5,S3,S5,S3,S5,S5,S5,S5,S5,S5,S0,0.83,93280,,,,,,,
79,S4,S3,S5,S3,S5,S3,S5,S3,S5,S4,S5,S5,S5,S5,S0,0.802,93280,,,,,,,
80,S4,S3,S5,S3,S5,S3,S5,S3,S5,S5,S5,S5,S5,S5,S0,0.8,93280,32.0 KM,38560,B0= DESCARGA ATMOSFERICA,"21G, FASE ""B"", ZONA 1. 117 KM","CAUSA: AISLAMIENTO FLAMEADO EN LA ESTRUCTURA 80 FASE ""B"".",38561,1
81,S4,S2,S5,S3,S5,S3,S5,S3,S5,S4,S5,S5,S5,S5,S0,0.772,93280,,,,,,,
82,S4,S2,S5,S3,S5,S4,S5,S3,S5,S4,S5,S5,S5,S5,S0,0.792,93280,,,,,,,
83,S4,S3,S5,S3,S5,S4,S5,S3,S5,S5,S5,S5,S5,S5,S0,0.828,93280,,,,,,,
84,S4,S4,S5,S3,S5,S4,S5,S3,S5,S5,S5,S5,S5,S5,S0,0.832,93280,,,,,,,
85,S4,S3,S5,S3,S5,S3,S5,S3,S5,S5,S5,S5,S5,S5,S0,0.792,93280,,,,,,,
86,S4,S4,S3,S3,S3,S3,S5,S3,S5,S4,S5,S5,S5,S5,S0,0.756,93280,,,,,,,
87,S4,S4,S3,S3,S3,S3,S5,S3,S5,S5,S5,S5,S5,S5,S0,0.758,93280,,,,,,,
88,S4,S3,S4,S3,S4,S3,S5,S3,S5,S4,S5,S5,S5,S5,S0,0.752,93280,,,,,,,
89,S4,S2,S4,S3,S4,S3,S5,S3,S5,S5,S5,S5,S5,S5,S0,0.74,93280,,,,,,,
90,S3,S2,S4,S3,S4,S3,S5,S4,S5,S5,S5,S5,S5,S5,S0,0.74,93280,,,,,,,
91,S3,S3,S4,S3,S4,S3,S5,S4,S5,S5,S5,S5,S5,S5,S0,0.76,93280,,,,,,,
92,S3,S3,S4,S3,S4,S3,S5,S4,S5,S5,S5,S5,S5,S5,S0,0.76,93280,,,,,,,
93,S3,S5,S4,S3,S4,S3,S5,S4,S4,S5,S5,S5,S5,S5,S0,0.804,93280,,,,,,,
94,S3,S5,S4,S3,S4,S3,S5,S4,S4,S5,S5,S5,S5,S5,S0,0.806,93280,,,,,,,
95,S3,S3,S4,S3,S4,S3,S5,S4,S5,S5,S5,S5,S5,S5,S0,0.76,93280,,,,,,,
96,S3,S3,S4,S3,S4,S3,S5,S4,S5,S5,S5,S5,S5,S5,S0,0.76,93280,,,,,,,
97,S3,S3,S4,S3,S4,S3,S5,S4,S5,S5,S5,S5,S5,S5,S0,0.76,93280,,,,,,,
98,S3,S4,S4,S3,S4,S3,S5,S4,S5,S5,S5,S5,S5,S5,S0,0.79,93280,47.9 KM,41008,E2(1) VANDALISMO,"21G,Zona 1, fase ""A"", a 64.1 km. de S.E. PIC","Se encontró aislamiento flameado en la estructura 98, fase ""A"".",41009,6
99,S3,S4,S4,S3,S4,S4,S5,S4,S5,S5,S5,S5,S5,S5,S0,0.806,93280,,,,,,,
100,S3,S4,S4,S3,S4,S4,S5,S4,S5,S4,S5,S5,S5,S5,S0,0.798,93280,,,,,,,
101,S3,S4,S4,S3,S4,S4,S5,S3,S5,S5,S5,S5,S5,S5,S0,0.786,93280,,,,,,,
102,S3,S4,S4,S3,S4,S4,S5,S3,S5,S5,S5,S5,S5,S5,S0,0.786,93280,,,,,,,
103,S3,S4,S4,S3,S4,S4,S5,S3,S5,S5,S5,S5,S5,S5,S0,0.786,93280,,,,,,,
104,S3,S4,S3,S3,S3,S4,S5,S3,S5,S4,S5,S5,S5,S5,S0,0.756,93280,104.4 KM,40819,A5= BRECHA,"21G, FASE ""A"", ZONA 1, A 104.4 KM. DE S.E. CGP",SE ENCONTRARON ARBOLES ENTRE LAS ESTRUCTURAS 104 Y 105.,40819,10
105,S3,S4,S3,S3,S3,S4,S5,S3,S5,S5,S5,S5,S5,S5,S0,0.764,93280,105.0 KM,40819,A5= BRECHA,"21G, FASE ""A"", ZONA 1, A 105 KM. DE S.E. CGP",SE ENCONTRARON ARBOLES ENTRE LAS ESTRUCTURAS 104 Y 105.,40819,10
106,S3,S4,S3,S3,S3,S3,S5,S3,S5,S5,S5,S5,S5,S5,S0,0.75,93280,,,,,,,
107,S3,S4,S3,S3,S3,S3,S5,S3,S4,S5,S5,S5,S5,S5,S0,0.738,93280,,,,,,,
108,S3,S4,S5,S3,S5,S3,S5,S3,S4,S4,S5,S5,S5,S5,S0,0.768,93280,,,,,,,
109,S3,S4,S5,S3,S5,S3,S5,S3,S4,S4,S5,S5,S5,S5,S0,0.768,93280,,,,,,,
110,S4,S3,S5,S3,S5,S3,S5,S3,S4,S5,S5,S5,S5,S5,S0,0.776,93280,,,,,,,
111,S4,S2,S5,S3,S5,S3,S5,S3,S4,S5,S5,S5,S5,S5,S0,0.75,93280,,,,,,,
112,S4,S2,S5,S0,S5,S3,S5,S3,S4,S5,S5,S5,S5,S5,S0,0.738,93280,,,,,,,
113,S4,S2,S5,S0,S5,S3,S5,S3,S4,S5,S5,S5,S5,S5,S0,0.738,93280,,,,,,,
114,S4,S2,S3,S0,S3,S3,S5,S3,S4,S4,S5,S5,S5,S5,S0,0.698,93280,,,,,,,
115,S4,S2,S3,S0,S3,S3,S5,S3,S4,S5,S5,S5,S5,S5,S0,0.706,93280,,,,,,,
116,S4,S2,S3,S0,S3,S3,S5,S3,S4,S4,S5,S5,S5,S5,S0,0.716,93280,,,,,,,
117,S4,S3,S4,S5,S4,S3,S5,S4,S4,S5,S5,S5,S5,S5,S0,0.81,93280,,,,,,,
118,S4,S3,S4,S5,S4,S3,S5,S4,S4,S4,S5,S5,S5,S5,S0,0.82,93280,,,,,,,
119,S4,S5,S4,S3,S4,S3,S5,S4,S5,S5,S5,S5,S5,S5,S0,0.854,93280,,,,,,,
120,S4,S5,S4,S3,S4,S3,S5,S4,S5,S4,S5,S5,S5,S5,S0,0.806,93280,,,,,,,
121,S3,S5,S4,S3,S4,S3,S5,S4,S5,S4,S5,S5,S5,S5,S0,0.786,93280,,,,,,,
122,S3,S5,S4,S3,S4,S3,S5,S3,S5,S5,S5,S5,S5,S5,S0,0.774,93280,,,,,,,
123,S3,S4,S4,S3,S4,S3,S5,S3,S5,S4,S5,S5,S5,S5,S0,0.746,93280,,,,,,,
124,S3,S4,S3,S3,S3,S3,S5,S4,S5,S4,S5,S5,S5,S5,S0,0.76,93280,,,,,,,
125,S3,S4,S3,S3,S3,S3,S5,S4,S5,S4,S5,S5,S5,S5,S0,0.76,93280,,,,,,,
126,S3,S4,S3,S3,S3,S3,S5,S4,S5,S5,S5,S5,S5,S5,S0,0.758,93280,,,,,,,
127,S3,S4,S4,S3,S4,S3,S5,S4,S5,S4,S5,S5,S5,S5,S0,0.766,93280,,,,,,,
128,S3,S4,S4,S3,S4,S3,S5,S4,S5,S0,S5,S5,S5,S5,S0,0.734,93280,50.0 KM.,41970,A5= BRECHA,"21G,Z1, fase AG, loc. 62 km. de S.E. PIC","Se localizó árbol entre las estructuras 128 y 129, que por los vientos registrados en la zona, acercaron ramas a los conductores. Estas estructuras se encuentran dentro del ejido xolapa no acceso.",41970,10
129,S3,S4,S4,S3,S4,S4,S5,S4,S5,S4,S5,S5,S5,S5,S0,0.786,93280,,,,,,,
130,S3,S4,S4,S3,S4,S3,S5,S4,S5,S5,S5,S5,S5,S5,S0,0.774,93280,,,,,,,
131,S3,S2,S4,S3,S4,S3,S5,S4,S5,S5,S5,S5,S5,S5,S0,0.742,93280,,,,,,,
132,S3,S2,S4,S3,S4,S3,S5,S4,S5,S5,S5,S5,S5,S5,S0,0.734,93280,,,,,,,
133,S3,S2,S4,S3,S4,S3,S5,S4,S5,S5,S5,S5,S5,S5,S0,0.734,93280,38.8 KM.,42101,E2.1=EXTRAORDINARIA (VANDALISMO),"21,FASEAG,Z1, A 73.2 KM. DE S.E. PIC","SE ENCONTRO ARBOL ENTRE LAS ESTRUCTURAS 133 Y 134, NO SE PERMITE EL ACCESO.",41736,6
134,S4,S4,S4,S3,S4,S3,S5,S4,S5,S4,S5,S5,S5,S5,S0,0.796,93280,,,,,,,
135,S4,S4,S4,S3,S4,S3,S5,S4,S5,S5,S5,S5,S5,S5,S0,0.798,93280,,,,,,,
136,S4,S4,S3,S3,S3,S4,S5,S4,S5,S5,S5,S5,S5,S5,S0,0.798,93280,,,,,,,
137,S4,S4,S5,S3,S5,S4,S5,S4,S5,S5,S5,S5,S5,S5,S0,0.84,93280,,,,,,,
138,S4,S4,S4,S3,S4,S4,S5,S4,S5,S5,S5,S5,S5,S5,S0,0.824,93280,,,,,,,
139,S4,S2,S4,S3,S4,S4,S5,S4,S5,S5,S5,S5,S5,S5,S0,0.774,93280,,,,,,,
140,S4,S2,S4,S3,S4,S4,S5,S4,S5,S5,S5,S5,S5,S5,S0,0.774,93280,,,,,,,
141,S4,S4,S4,S3,S4,S3,S5,S4,S5,S5,S5,S5,S5,S5,S0,0.806,93280,,,,,,,
142,S4,S2,S4,S3,S4,S4,S5,S4,S5,S5,S5,S5,S5,S5,S0,0.8,93280,,,,,,,
143,S4,S4,S4,S3,S4,S4,S5,S4,S5,S5,S5,S5,S5,S5,S0,0.832,93280,60.16 KM,39270,B0= DESCARGA ATMOSFERICA,"21G, ZONA 1, FASE ""A"", 78,7 KM. PIC.","LA CAUSA DE LA FALLA FUE AISLAMIENTO FLAMEADO EN LA ESTRUCTURA 143, FASE ""A"", PROVOCADA POR DESCARGAS ATMOSFERICAS EN LA ZONA. EL DÍA 12 DE JULIO SE REALIZO EL CAMBIO DE LA CADENA DE AISLADORES FLAMEADA CON EL REGISTRO 44076 Y LICENCIA 2503. ",39275,1
144,S4,S4,S4,S3,S4,S4,S5,S4,S5,S5,S5,S5,S5,S5,S0,0.842,93280,,,,,,,
145,S3,S4,S4,S3,S4,S4,S5,S4,S4,S5,S5,S5,S5,S5,S0,0.816,93280,,,,,,,
146,S3,S5,S4,S3,S4,S4,S5,S3,S4,S4,S5,S5,S5,S5,S0,0.808,93280,72.42 KM,38907,B0= DESCARGA ATMOSFERICA,"21-G,FA,Z1,72.42 KM MZL","CAUSA: AISLAMIENTO FLAMEADO EST. 143, 144,145 Y 146.",38909,1
147,S3,S5,S4,S3,S4,S4,S5,S3,S4,S4,S5,S5,S5,S5,S0,0.798,93280,,,,,,,
148,S3,S5,S4,S3,S4,S4,S5,S3,S4,S5,S5,S5,S5,S5,S0,0.806,93280,,,,,,,
149,S4,S5,S4,S3,S4,S4,S5,S3,S4,S4,S5,S5,S5,S5,S0,0.818,93280,,,,,,,
150,S4,S5,S4,S3,S4,S4,S5,S3,S4,S5,S5,S5,S5,S5,S0,0.83,93280,,,,,,,
151,S4,S4,S4,S3,S4,S3,S5,S3,S4,S5,S5,S5,S5,S5,S0,0.79,93280,85.9 KM,38907,B0= DESCARGA ATMOSFERICA,"21-G,FC,Z1,85.9 KM MZL",AISLAMIENTO FLAMEADO EST. 151,38913,1
152,S4,S4,S4,S3,S4,S3,S5,S3,S5,S5,S5,S5,S5,S5,S0,0.78,93280,,,,,,,
153,S4,S4,S4,S3,S4,S3,S5,S3,S5,S4,S5,S5,S5,S5,S0,0.796,93280,,,,,,,
154,S4,S4,S4,S3,S4,S3,S5,S3,S5,S4,S5,S5,S5,S5,S0,0.788,93280,63.0 KM,40804,B0= DESCARGA ATMOSFERICA,"21G, FASE ""C"", ZONA 1, A 63 KM. DE S.E. CGP","Se encontró aislamiento flameado en la estructura 154, fase ""C"".",40807,1
155,S4,S4,S4,S3,S4,S3,S5,S3,S5,S5,S5,S5,S5,S5,S0,0.796,93280,,,,,,,
156,S4,S4,S4,S3,S4,S3,S5,S3,S5,S5,S5,S5,S5,S5,S0,0.796,93280,,,,,,,
157,S3,S4,S5,S3,S5,S3,S5,S3,S5,S5,S5,S5,S5,S5,S0,0.782,93280,,,,,,,
158,S3,S3,S5,S3,S5,S3,S5,S3,S5,S5,S5,S5,S5,S5,S0,0.756,93280,,,,,,,
159,S3,S3,S5,S3,S5,S3,S5,S3,S5,S5,S5,S5,S5,S5,S0,0.772,93280,,,,,,,
160,S3,S3,S5,S3,S5,S3,S5,S3,S5,S5,S5,S5,S5,S5,S0,0.772,93280,,,,,,,
161,S3,S3,S5,S3,S5,S3,S5,S4,S5,S5,S5,S5,S5,S5,S0,0.792,93280,41.98 KM.,41807,B0= DESCARGA ATMOSFERICA,"21L ACG (SEL-321) Z1, 70.05 KM.",CADENA FLAMEADA EN EST. 161 FASES “A” Y “C” POR DESCARGA ATMOSFÉRICA.,41811,1
162,S3,S3,S5,S3,S5,S4,S5,S4,S5,S5,S5,S5,S5,S5,S0,0.802,93280,,,,,,,
163,S3,S3,S5,S3,S5,S4,S5,S4,S5,S5,S5,S5,S5,S5,S0,0.802,93280,,,,,,,
164,S3,S5,S4,S3,S4,S4,S5,S4,S5,S5,S5,S5,S5,S5,S0,0.826,93280,,,,,,,
165,S3,S5,S3,S3,S3,S4,S5,S3,S5,S5,S5,S5,S5,S5,S0,0.798,93280,,,,,,,
166,S3,S5,S3,S3,S4,S4,S5,S3,S5,S5,S5,S5,S5,S5,S0,0.798,93280,,,,,,,
167,S3,S4,S3,S3,S4,S4,S5,S3,S5,S5,S5,S5,S5,S5,S0,0.778,93280,,,,,,,
168,S3,S4,S3,S3,S3,S4,S5,S3,S5,S4,S5,S5,S5,S5,S0,0.756,93280,,,,,,,
169,S3,S4,S3,S3,S3,S3,S5,S3,S5,S5,S5,S5,S5,S5,S0,0.75,93280,,,,,,,
170,S3,S4,S4,S3,S4,S4,S5,S3,S5,S5,S5,S5,S5,S5,S0,0.78,93280,94.18 KM,41094,A5= BRECHA,"21G, Z1, FASE B, LOC 94.18 KM.",SE LOCALIZARON ARBOLES CRITICOS ENTRE LAS ESTRUCTURAS 170 Y 171.,41095,10
171,S3,S4,S4,S3,S4,S3,S5,S4,S5,S5,S5,S5,S5,S5,S0,0.786,93280,,,,,,,
172,S4,S4,S4,S3,S4,S3,S5,S4,S5,S5,S5,S5,S5,S5,S0,0.806,93280,,,,,,,
173,S4,S4,S4,S3,S4,S3,S5,S4,S5,S5,S5,S5,S5,S5,S0,0.824,93280,,,,,,,
174,S4,S5,S4,S3,S4,S3,S5,S4,S5,S5,S5,S5,S5,S5,S0,0.844,93280,,,,,,,
175,S4,S3,S4,S3,S4,S3,S5,S4,S5,S5,S5,S5,S5,S5,S0,0.798,93280,,,,,,,
176,S4,S5,S4,S3,S4,S3,S5,S4,S5,S5,S5,S5,S5,S5,S0,0.854,93280,,,,,,,
177,S3,S4,S4,S3,S4,S3,S5,S4,S5,S4,S5,S5,S5,S5,S0,0.806,93280,,,,,,,
178,S3,S4,S4,S3,S4,S3,S5,S4,S5,S5,S5,S5,S5,S5,S0,0.804,93280,,,,,,,
179,S3,S3,S4,S3,S4,S3,S5,S4,S5,S5,S5,S5,S5,S5,S0,0.778,93280,,,,,,,
180,S4,S3,S4,S3,S4,S3,S5,S4,S5,S5,S5,S5,S5,S5,S0,0.804,93280,75.89 KM,39329,B0= DESCARGA ATMOSFERICA,"21G, FASE B, ZONA 1, A 75.89 KM. DE S.E. MZL","CAUSA AISLAMIENTO FLAMEADO EN LA EST. 180 FASE ""B"",",39330,1
181,S4,S4,S4,S3,S4,S3,S5,S4,S5,S5,S5,S5,S5,S5,S0,0.806,93280,,,,,,,
182,S4,S3,S4,S3,S4,S3,S5,S3,S5,S5,S5,S5,S5,S5,S0,0.766,93280,,,,,,,
183,S4,S4,S4,S3,S4,S3,S5,S3,S5,S5,S5,S5,S5,S5,S0,0.786,93280,,,,,,,
184,S4,S3,S4,S3,S4,S3,S5,S3,S5,S3,S5,S5,S5,S5,S0,0.75,93280,,,,,,,
185,S4,S4,S4,S3,S4,S3,S5,S3,S5,S5,S5,S5,S5,S5,S0,0.786,93280,,,,,,,
186,S4,S4,S4,S3,S4,S3,S5,S3,S5,S5,S5,S5,S5,S5,S0,0.774,93280,79.7 KM.,41202,E2.1=EXTRAORDINARIA (VANDALISMO),"21 FC, Z1, 24.2 km. de PIC","LA FALLA SE LOCALIZA DENTRO DE LAS ESTRUCTURAS 186 A LA 199, MISMAS QUE SE ENCUENTRAN EN LOS EJIDOS DE TEXCA Y KM. 30, NO PERMITEN EL ACCESO A LA LÍNEA.",41202,6
186,S4,S4,S4,S3,S4,S3,S5,S3,S5,S5,S5,S5,S5,S5,S0,0.774,93280,78.7 KM,40394,D0= DESCONOCIDAS ,"21G,F""A"",Z1,33.3 KM. PIC",CAUSA DESCONOCIDA,40394,12
187,S4,S4,S4,S3,S4,S3,S5,S3,S5,S5,S5,S5,S5,S5,S0,0.774,93280,79.9 KM.,41525,E2.1=EXTRAORDINARIA (VANDALISMO),21G FASE - B,RAMA DE ARBOL ENTRE ESTRUCTURAS 187 Y 188,41525,6
188,S4,S4,S3,S3,S3,S3,S5,S3,S5,S5,S5,S5,S5,S5,S0,0.728,93280,83.83 KM,39708,A5= BRECHA,"21G,FA,Z1,83.83 KM. CGP",CAUSA ARBOL ENTRE LAS EST. 188 Y 189,39708,10
189,S4,S3,S3,S3,S3,S3,S5,S3,S5,S5,S5,S5,S5,S5,S0,0.708,93280,,,,,,,
190,S4,S3,S3,S3,S4,S4,S5,S3,S5,S5,S5,S5,S5,S5,S0,0.778,93280,,,,,,,
191,S4,S3,S3,S3,S3,S4,S5,S3,S5,S5,S5,S5,S5,S5,S0,0.764,93280,143 KM,41129,E2.1=EXTRAORDINARIA (VANDALISMO),"21G,fase ""B"", Z1, 30.9 DE PIC.","Aislamiento roto por vandalismo y descarga atmosferica, en estructura 191, la cual se encuentra dentro del ejido de Texca en el que no permiten el acceso OFICIO NPS 2269",41190,6
192,S4,S3,S5,S3,S5,S4,S5,S3,S5,S5,S5,S5,S5,S5,S0,0.796,93280,81.1 KM,41251,E1= DISTURBIO SISTEMA,"OPERA 21 FASE AG ZONA 1, DISTANCIA 30.9 KM, CORRIE","SE ENCONTRO EN LA ESTRUCTURA 192, CADENA DE AISLADORES CON 10 DOSCOS ROTOS, EN LA FASE ""A"", POR VANDALISMO",41252,13
193,S4,S3,S5,S3,S5,S4,S5,S3,S5,S3,S5,S5,S5,S5,S0,0.78,93280,,,,,,,
194,S4,S3,S3,S3,S3,S4,S5,S3,S5,S4,S5,S5,S5,S5,S0,0.756,93280,,,,,,,
195,S3,S3,S3,S3,S3,S4,S5,S3,S5,S5,S5,S5,S5,S5,S0,0.744,93280,,,,,,,
196,S3,S3,S3,S3,S3,S4,S5,S3,S5,S5,S5,S5,S5,S5,S0,0.744,93280,,,,,,,
197,S3,S3,S4,S3,S4,S4,S5,S3,S5,S5,S5,S5,S5,S5,S0,0.76,93280,,,,,,,
198,S3,S3,S4,S3,S4,S3,S5,S3,S5,S5,S5,S5,S5,S5,S0,0.748,93280,,,,,,,
199,S3,S3,S4,S3,S4,S3,S5,S4,S5,S5,S5,S5,S5,S5,S0,0.778,93280,90.0 KM,38950,B0= DESCARGA ATMOSFERICA,"21G, FASE ""C"", ZONA I. 90 KM","CAUSA: AISLAMIENTO FLAMEADO EN LA ESTRUCTURA 199 FASE ""C"".",38953,1
200,S3,S3,S4,S3,S4,S3,S5,S4,S5,S5,S5,S5,S5,S5,S0,0.778,93280,,,,,,,
201,S3,S3,S4,S3,S4,S3,S5,S4,S4,S5,S5,S5,S5,S5,S0,0.772,93280,,,,,,,
202,S4,S3,S4,S3,S4,S3,S5,S3,S5,S5,S5,S5,S5,S5,S0,0.788,93280,,,,,,,
203,S4,S3,S3,S3,S3,S3,S5,S4,S4,S4,S5,S5,S5,S5,S0,0.778,93280,,,,,,,
204,S4,S3,S3,S3,S3,S4,S5,S3,S4,S5,S5,S5,S5,S5,S0,0.776,93280,,,,,,,
205,S4,S3,S3,S3,S3,S4,S5,S3,S4,S5,S5,S5,S5,S5,S0,0.782,93280,,,,,,,
206,S4,S3,S5,S3,S5,S4,S5,S3,S5,S5,S5,S5,S5,S5,S0,0.832,93280,,,,,,,
207,S4,S3,S5,S3,S5,S4,S5,S3,S5,S5,S5,S5,S5,S5,S0,0.824,93280,,,,,,,
208,S4,S3,S5,S3,S5,S4,S5,S4,S4,S5,S5,S5,S5,S5,S0,0.838,93280,,,,,,,
209,S3,S3,S5,S3,S5,S4,S5,S4,S4,S5,S5,S5,S5,S5,S0,0.824,93280,,,,,,,
210,S3,S3,S3,S3,S3,S4,S5,S3,S4,S5,S5,S5,S5,S5,S0,0.772,93280,,,,,,,
211,S3,S3,S3,S3,S3,S4,S5,S4,S4,S5,S5,S5,S5,S5,S0,0.792,93280,,,,,,,
212,S3,S3,S4,S3,S4,S4,S5,S3,S4,S5,S5,S5,S5,S5,S0,0.782,93280,,,,,,,
213,S3,S3,S4,S3,S4,S4,S5,S4,S4,S5,S5,S5,S5,S5,S0,0.808,93280,,,,,,,
214,S3,S3,S4,S3,S4,S3,S5,S3,S4,S5,S5,S5,S5,S5,S0,0.762,93280,,,,,,,
215,S4,S3,S4,S3,S4,S4,S5,S3,S4,S5,S5,S5,S5,S5,S0,0.802,93280,,,,,,,
216,S4,S3,S4,S3,S4,S3,S5,S4,S5,S5,S5,S5,S5,S5,S0,0.808,93280,,,,,,,
217,S4,S3,S4,S3,S4,S3,S5,S3,S5,S5,S5,S5,S5,S5,S0,0.796,93280,,,,,,,
218,S4,S3,S4,S3,S4,S3,S5,S3,S5,S5,S5,S5,S5,S5,S0,0.788,93280,,,,,,,
219,S4,S3,S4,S3,S4,S3,S5,S3,S5,S5,S5,S5,S5,S5,S0,0.788,93280,,,,,,,
220,S3,S3,S4,S3,S4,S3,S5,S4,S5,S5,S5,S5,S5,S5,S0,0.788,93280,,,,,,,
221,S3,S3,S4,S3,S4,S3,S5,S4,S5,S5,S5,S5,S5,S5,S0,0.794,93280,,,,,,,
222,S3,S3,S4,S3,S4,S3,S5,S4,S5,S5,S5,S5,S5,S5,S0,0.794,93280,,,,,,,
223,S4,S3,S4,S3,S4,S3,S5,S4,S5,S5,S5,S5,S5,S5,S0,0.814,93280,,,,,,,
224,S4,S3,S4,S3,S4,S3,S5,S4,S5,S5,S5,S5,S5,S5,S0,0.804,93280,,,,,,,
225,S4,S3,S4,S3,S4,S3,S5,S4,S5,S5,S5,S5,S5,S5,S0,0.804,93280,,,,,,,
226,S4,S3,S4,S3,S4,S3,S5,S4,S5,S5,S5,S5,S5,S5,S0,0.804,93280,,,,,,,
227,S4,S3,S3,S3,S3,S3,S5,S4,S5,S5,S5,S5,S5,S5,S0,0.788,93280,,,,,,,
228,S4,S3,S3,S3,S3,S3,S5,S3,S5,S5,S5,S5,S5,S5,S0,0.776,93280,,,,,,,
229,S4,S3,S3,S3,S4,S3,S5,S3,S5,S5,S5,S5,S5,S5,S0,0.786,93280,,,,,,,
230,S4,S3,S3,S3,S4,S3,S5,S4,S5,S5,S5,S5,S5,S5,S0,0.806,93280,,,,,,,
231,S4,S3,S3,S3,S3,S3,S5,S3,S5,S5,S5,S5,S5,S5,S0,0.778,93280,,,,,,,
232,S4,S3,S3,S3,S3,S3,S5,S4,S5,S5,S5,S5,S5,S5,S0,0.792,93280,,,,,,,
233,S4,S3,S3,S3,S3,S3,S5,S3,S5,S5,S5,S5,S5,S5,S0,0.762,93280,,,,,,,
234,S4,S3,S5,S3,S5,S3,S5,S3,S5,S5,S5,S5,S5,S5,S0,0.794,93280,,,,,,,
235,S4,S3,S5,S3,S5,S3,S5,S4,S5,S5,S5,S5,S5,S5,S0,0.814,93280,,,,,,,
236,S4,S3,S5,S3,S5,S3,S5,S4,S5,S5,S5,S5,S5,S5,S0,0.814,93280,,,,,,,
237,S3,S3,S5,S3,S5,S3,S5,S4,S5,S4,S5,S5,S5,S5,S0,0.786,93280,,,,,,,
238,S3,S3,S5,S3,S5,S3,S5,S4,S5,S5,S5,S5,S5,S5,S0,0.802,93280,,,,,,,
239,S3,S3,S5,S3,S5,S3,S5,S4,S5,S5,S5,S5,S5,S5,S0,0.794,93280,,,,,,,
240,S3,S3,S5,S3,S5,S3,S5,S4,S5,S5,S5,S5,S5,S5,S0,0.794,93280,,,,,,,
241,S4,S3,S5,S3,S5,S4,S5,S4,S5,S5,S5,S5,S5,S5,S0,0.84,93280,,,,,,,
242,S4,S3,S5,S3,S5,S4,S5,S4,S5,S5,S5,S5,S5,S5,S0,0.84,93280,,,,,,,
243,S4,S3,S5,S3,S5,S4,S5,S4,S5,S5,S5,S5,S5,S5,S0,0.84,93280,,,,,,,
244,S4,S3,S5,S3,S5,S4,S5,S4,S5,S5,S5,S5,S5,S5,S0,0.84,93280,,,,,,,
245,S4,S3,S5,S3,S5,S3,S5,S4,S5,S5,S5,S5,S5,S5,S0,0.82,93280,,,,,,,
246,S4,S3,S5,S3,S5,S3,S5,S4,S5,S5,S5,S5,S5,S5,S0,0.82,93280,,,,,,,
247,S4,S3,S4,S3,S4,S3,S5,S4,S5,S5,S5,S5,S5,S5,S0,0.804,93280,127.55 KM.,38471,A5= BRECHA,"67N, FASE ""C""","CAUSA: ARBOL ENTRE EST. 247 Y 248, ESTAS ESTRUCTURAS SE UBICAN DENTRO DE TERRENOS EN DONDE NO SE PERMITE REALIZAR TRABAJOS DE MANTTO. A LS LT´S.",38466,10
248,S4,S4,S4,S3,S4,S3,S5,S3,S5,S5,S5,S5,S5,S5,S0,0.804,93280,,,,,,,
249,S4,S4,S4,S3,S4,S4,S5,S3,S5,S5,S5,S5,S5,S5,S0,0.824,93280,,,,,,,
250,S4,S4,S4,S3,S4,S4,S5,S3,S5,S5,S5,S5,S5,S5,S0,0.824,93280,,,,,,,
251,S4,S3,S4,S3,S4,S4,S5,S3,S5,S5,S5,S5,S5,S5,S0,0.804,93280,,,,,,,
252,S3,S3,S4,S3,S4,S4,S5,S3,S5,S5,S5,S5,S5,S5,S0,0.784,93280,,,,,,,
253,S3,S3,S5,S3,S5,S4,S5,S3,S5,S5,S5,S5,S5,S5,S0,0.808,93280,,,,,,,
254,S3,S3,S5,S3,S5,S4,S5,S3,S5,S5,S5,S5,S5,S5,S0,0.8,93280,,,,,,,
255,S3,S3,S5,S3,S5,S4,S5,S3,S5,S5,S5,S5,S5,S5,S0,0.81,93280,,,,,,,
256,S3,S3,S4,S3,S4,S3,S5,S3,S5,S4,S5,S5,S5,S5,S0,0.766,93280,,,,,,,
257,S3,S4,S4,S3,S4,S3,S5,S3,S5,S4,S5,S5,S5,S5,S0,0.786,93280,,,,,,,
258,S3,S3,S4,S3,S4,S3,S5,S3,S5,S4,S5,S5,S5,S5,S0,0.754,93280,,,,,,,
259,S4,S3,S4,S3,S4,S4,S5,S3,S5,S5,S5,S5,S5,S5,S0,0.802,93280,,,,,,,
260,S4,S3,S4,S3,S4,S4,S5,S3,S5,S5,S5,S5,S5,S5,S0,0.802,93280,,,,,,,
261,S4,S4,S4,S3,S4,S4,S5,S3,S5,S5,S5,S5,S5,S5,S0,0.822,93280,111.0 KM.,41207,A5= BRECHA,"21G, fase","APROXIMACIÓN DE RAMA DE ÁRBOL DE CORRAL AL REALIZAR PODA POR PARTE DE CAMPESINOS, ENTRE LAS ESTRUCTURAS 261 Y 262.",41207,10
262,S4,S4,S4,S3,S4,S4,S5,S3,S5,S5,S5,S5,S5,S5,S0,0.822,93280,,,,,,,
263,S4,S4,S4,S3,S4,S4,S5,S3,S5,S5,S5,S5,S5,S5,S0,0.834,93280,,,,,,,
